-- MySQL dump 10.13  Distrib 5.7.31, for Win64 (x86_64)
--
-- Host: localhost    Database: ecoach
-- ------------------------------------------------------
-- Server version	5.7.31

/*!40101 SET @OLD_CHARACTER_SET_CLIENT=@@CHARACTER_SET_CLIENT */;
/*!40101 SET @OLD_CHARACTER_SET_RESULTS=@@CHARACTER_SET_RESULTS */;
/*!40101 SET @OLD_COLLATION_CONNECTION=@@COLLATION_CONNECTION */;
/*!40101 SET NAMES utf8 */;
/*!40103 SET @OLD_TIME_ZONE=@@TIME_ZONE */;
/*!40103 SET TIME_ZONE='+00:00' */;
/*!40014 SET @OLD_UNIQUE_CHECKS=@@UNIQUE_CHECKS, UNIQUE_CHECKS=0 */;
/*!40014 SET @OLD_FOREIGN_KEY_CHECKS=@@FOREIGN_KEY_CHECKS, FOREIGN_KEY_CHECKS=0 */;
/*!40101 SET @OLD_SQL_MODE=@@SQL_MODE, SQL_MODE='NO_AUTO_VALUE_ON_ZERO' */;
/*!40111 SET @OLD_SQL_NOTES=@@SQL_NOTES, SQL_NOTES=0 */;

--
-- Current Database: `ecoach`
--

CREATE DATABASE /*!32312 IF NOT EXISTS*/ `ecoach` /*!40100 DEFAULT CHARACTER SET latin1 */;

USE `ecoach`;

--
-- Table structure for table `doctrine_migration_versions`
--

DROP TABLE IF EXISTS `doctrine_migration_versions`;
/*!40101 SET @saved_cs_client     = @@character_set_client */;
/*!40101 SET character_set_client = utf8 */;
CREATE TABLE `doctrine_migration_versions` (
  `version` varchar(191) COLLATE utf8_unicode_ci NOT NULL,
  `executed_at` datetime DEFAULT NULL,
  `execution_time` int(11) DEFAULT NULL,
  PRIMARY KEY (`version`)
) ENGINE=InnoDB DEFAULT CHARSET=utf8 COLLATE=utf8_unicode_ci;
/*!40101 SET character_set_client = @saved_cs_client */;

--
-- Dumping data for table `doctrine_migration_versions`
--

LOCK TABLES `doctrine_migration_versions` WRITE;
/*!40000 ALTER TABLE `doctrine_migration_versions` DISABLE KEYS */;
INSERT INTO `doctrine_migration_versions` VALUES ('DoctrineMigrations\\Version20220425075219','2022-05-16 07:03:19',944);
/*!40000 ALTER TABLE `doctrine_migration_versions` ENABLE KEYS */;
UNLOCK TABLES;

--
-- Table structure for table `ecoach_categories`
--

DROP TABLE IF EXISTS `ecoach_categories`;
/*!40101 SET @saved_cs_client     = @@character_set_client */;
/*!40101 SET character_set_client = utf8 */;
CREATE TABLE `ecoach_categories` (
  `id` int(11) NOT NULL AUTO_INCREMENT,
  `libelle_categorie` varchar(255) COLLATE utf8mb4_unicode_ci NOT NULL,
  PRIMARY KEY (`id`)
) ENGINE=InnoDB AUTO_INCREMENT=41 DEFAULT CHARSET=utf8mb4 COLLATE=utf8mb4_unicode_ci;
/*!40101 SET character_set_client = @saved_cs_client */;

--
-- Dumping data for table `ecoach_categories`
--

LOCK TABLES `ecoach_categories` WRITE;
/*!40000 ALTER TABLE `ecoach_categories` DISABLE KEYS */;
INSERT INTO `ecoach_categories` VALUES (1,'Vétéran'),(2,'Senior'),(3,'Senior U20 (- 20 ans)'),(4,'U19 (- 19 ans)'),(5,'U18 (- 18 ans)'),(6,'U17 (- 17 ans)'),(7,'U16 (- 16 ans)'),(8,'U15 (- 15 ans)'),(9,'U14 (- 14 ans)'),(10,'U13 (- 13 ans)'),(11,'U12 (- 12 ans)'),(12,'U11 (- 11 ans)'),(13,'U10 (- 10 ans)'),(14,'U9 (- 9 ans)'),(15,'U8 (- 8 ans)'),(16,'U7 (- 7 ans)'),(17,'U6 (- 6 ans)'),(18,'Senior F'),(19,'Senior U20 F (- 20 ans F)'),(20,'U19 F (- 19 ans F)'),(21,'U18 F (- 18 ans F)'),(22,'U17 F (- 17 ans F)'),(23,'U16 F (- 16 ans F)'),(24,'U15 F (- 15 ans F)'),(25,'U14 F (- 14 ans F)'),(26,'U13 F (- 13 ans F)'),(27,'U12 F (- 12 ans F)'),(28,'U11 F (- 11 ans F)'),(29,'U10 F (- 10 ans F)'),(30,'U9 F (- 9 ans F)'),(31,'U8 F (- 8 ans F)'),(32,'U7 F (- 7 ans F)'),(33,'U6 F (- 6 ans F)'),(34,'Dirigeant'),(35,'Dirigeante'),(36,'Arbitre'),(37,'Régional'),(38,'National'),(39,'Educateur Fédéral'),(40,'Animateur');
/*!40000 ALTER TABLE `ecoach_categories` ENABLE KEYS */;
UNLOCK TABLES;

--
-- Table structure for table `ecoach_coachs`
--

DROP TABLE IF EXISTS `ecoach_coachs`;
/*!40101 SET @saved_cs_client     = @@character_set_client */;
/*!40101 SET character_set_client = utf8 */;
CREATE TABLE `ecoach_coachs` (
  `id` int(11) NOT NULL AUTO_INCREMENT,
  `utilisateur_id` int(11) DEFAULT NULL,
  `equipes_id` int(11) DEFAULT NULL,
  PRIMARY KEY (`id`),
  KEY `IDX_3531BAE8FB88E14F` (`utilisateur_id`),
  KEY `IDX_3531BAE8737800BA` (`equipes_id`),
  CONSTRAINT `FK_3531BAE8737800BA` FOREIGN KEY (`equipes_id`) REFERENCES `ecoach_equipes` (`id`),
  CONSTRAINT `FK_3531BAE8FB88E14F` FOREIGN KEY (`utilisateur_id`) REFERENCES `ecoach_utilisateurs` (`id`)
) ENGINE=InnoDB AUTO_INCREMENT=17 DEFAULT CHARSET=utf8mb4 COLLATE=utf8mb4_unicode_ci;
/*!40101 SET character_set_client = @saved_cs_client */;

--
-- Dumping data for table `ecoach_coachs`
--

LOCK TABLES `ecoach_coachs` WRITE;
/*!40000 ALTER TABLE `ecoach_coachs` DISABLE KEYS */;
INSERT INTO `ecoach_coachs` VALUES (1,102,1),(2,80,1),(3,61,2),(4,62,3),(5,105,4),(6,99,5),(7,21,6),(8,82,7),(9,44,8),(10,71,9),(11,16,10),(12,42,11),(13,61,12),(14,61,13),(15,61,14),(16,61,3);
/*!40000 ALTER TABLE `ecoach_coachs` ENABLE KEYS */;
UNLOCK TABLES;

--
-- Table structure for table `ecoach_convocations`
--

DROP TABLE IF EXISTS `ecoach_convocations`;
/*!40101 SET @saved_cs_client     = @@character_set_client */;
/*!40101 SET character_set_client = utf8 */;
CREATE TABLE `ecoach_convocations` (
  `id` int(11) NOT NULL AUTO_INCREMENT,
  `matchs_id` int(11) DEFAULT NULL,
  `equipe_id` int(11) DEFAULT NULL,
  PRIMARY KEY (`id`),
  KEY `IDX_F9FF91E988EB7468` (`matchs_id`),
  KEY `IDX_F9FF91E96D861B89` (`equipe_id`),
  CONSTRAINT `FK_F9FF91E96D861B89` FOREIGN KEY (`equipe_id`) REFERENCES `ecoach_equipes` (`id`),
  CONSTRAINT `FK_F9FF91E988EB7468` FOREIGN KEY (`matchs_id`) REFERENCES `ecoach_matchs` (`id`)
) ENGINE=InnoDB AUTO_INCREMENT=39 DEFAULT CHARSET=utf8mb4 COLLATE=utf8mb4_unicode_ci;
/*!40101 SET character_set_client = @saved_cs_client */;

--
-- Dumping data for table `ecoach_convocations`
--

LOCK TABLES `ecoach_convocations` WRITE;
/*!40000 ALTER TABLE `ecoach_convocations` DISABLE KEYS */;
INSERT INTO `ecoach_convocations` VALUES (2,12,1),(3,4,3),(4,10,3),(5,10,3),(6,10,3),(7,10,3),(8,10,3),(9,10,3),(10,3,4),(11,6,2),(12,4,1),(13,4,1),(14,4,3),(15,12,4),(16,4,3),(17,4,3),(18,5,4),(19,3,2),(20,7,3),(21,7,3),(22,7,3),(23,3,2),(24,2,3),(25,4,3),(26,4,3),(27,4,1),(28,4,1),(29,2,1),(30,4,3),(31,9,2),(32,9,2),(33,1,1),(34,1,1),(35,14,2),(36,14,2),(37,5,3),(38,1,1);
/*!40000 ALTER TABLE `ecoach_convocations` ENABLE KEYS */;
UNLOCK TABLES;

--
-- Table structure for table `ecoach_equipes`
--

DROP TABLE IF EXISTS `ecoach_equipes`;
/*!40101 SET @saved_cs_client     = @@character_set_client */;
/*!40101 SET character_set_client = utf8 */;
CREATE TABLE `ecoach_equipes` (
  `id` int(11) NOT NULL AUTO_INCREMENT,
  `categorie_id` int(11) DEFAULT NULL,
  `libelle_equipe` varchar(50) COLLATE utf8mb4_unicode_ci NOT NULL,
  `libelle_equipe_local` varchar(50) COLLATE utf8mb4_unicode_ci NOT NULL,
  `nb_mute` int(11) NOT NULL,
  `nb_mute_hors_periode` int(11) NOT NULL,
  `raison_absence` tinyint(1) NOT NULL,
  PRIMARY KEY (`id`),
  KEY `IDX_1B965413BCF5E72D` (`categorie_id`),
  CONSTRAINT `FK_1B965413BCF5E72D` FOREIGN KEY (`categorie_id`) REFERENCES `ecoach_categories` (`id`)
) ENGINE=InnoDB AUTO_INCREMENT=16 DEFAULT CHARSET=utf8mb4 COLLATE=utf8mb4_unicode_ci;
/*!40101 SET character_set_client = @saved_cs_client */;

--
-- Dumping data for table `ecoach_equipes`
--

LOCK TABLES `ecoach_equipes` WRITE;
/*!40000 ALTER TABLE `ecoach_equipes` DISABLE KEYS */;
INSERT INTO `ecoach_equipes` VALUES (1,2,'Senior A','Esquelbecq Us 1',6,3,0),(2,2,'Senior B','Esquelbecq Us 2',6,3,0),(3,2,'Senior C','Esquelbecq Us 3',6,3,0),(4,2,'Senior D','Esquelbecq Us 4',6,3,0),(5,4,'U19','Esquelbecq Us 1',6,3,0),(6,7,'U16','Esquelbecq Us 16',6,3,0),(7,8,'U15','Esquelbecq Us 15',6,3,0),(8,9,'U14','Bergues/Esquelbecq 14',6,3,0),(9,11,'U12','Esquelbecq Us 1',4,2,0),(10,10,'U13 A','Esquelbecq Us 2',4,2,0),(11,10,'U13 B','Esquelbecq Us 3',4,2,0),(12,12,'U11','Esquelbecq Us 11',4,2,0),(13,13,'U10','Esquelbecq Us 12',4,2,0),(14,21,'U18F','Esquelbecq Us F 1',4,2,0),(15,23,'U16F','Dunkerque/Esquelbecq 5',4,2,0);
/*!40000 ALTER TABLE `ecoach_equipes` ENABLE KEYS */;
UNLOCK TABLES;

--
-- Table structure for table `ecoach_favoris`
--

DROP TABLE IF EXISTS `ecoach_favoris`;
/*!40101 SET @saved_cs_client     = @@character_set_client */;
/*!40101 SET character_set_client = utf8 */;
CREATE TABLE `ecoach_favoris` (
  `id` int(11) NOT NULL AUTO_INCREMENT,
  `equipe_id` int(11) DEFAULT NULL,
  `joueur_id` int(11) DEFAULT NULL,
  PRIMARY KEY (`id`),
  KEY `IDX_E452F27B6D861B89` (`equipe_id`),
  KEY `IDX_E452F27BA9E2D76C` (`joueur_id`),
  CONSTRAINT `FK_E452F27B6D861B89` FOREIGN KEY (`equipe_id`) REFERENCES `ecoach_equipes` (`id`),
  CONSTRAINT `FK_E452F27BA9E2D76C` FOREIGN KEY (`joueur_id`) REFERENCES `ecoach_joueurs` (`id`)
) ENGINE=InnoDB AUTO_INCREMENT=22 DEFAULT CHARSET=utf8mb4 COLLATE=utf8mb4_unicode_ci;
/*!40101 SET character_set_client = @saved_cs_client */;

--
-- Dumping data for table `ecoach_favoris`
--

LOCK TABLES `ecoach_favoris` WRITE;
/*!40000 ALTER TABLE `ecoach_favoris` DISABLE KEYS */;
INSERT INTO `ecoach_favoris` VALUES (3,3,6),(4,2,23),(5,2,23),(20,1,4),(21,1,12);
/*!40000 ALTER TABLE `ecoach_favoris` ENABLE KEYS */;
UNLOCK TABLES;

--
-- Table structure for table `ecoach_indisponibilites`
--

DROP TABLE IF EXISTS `ecoach_indisponibilites`;
/*!40101 SET @saved_cs_client     = @@character_set_client */;
/*!40101 SET character_set_client = utf8 */;
CREATE TABLE `ecoach_indisponibilites` (
  `id` int(11) NOT NULL AUTO_INCREMENT,
  `joueur_id` int(11) NOT NULL,
  `date_debut` date NOT NULL,
  `date_fin` date NOT NULL,
  `cause_indisponibilite` varchar(255) COLLATE utf8mb4_unicode_ci NOT NULL,
  PRIMARY KEY (`id`),
  KEY `IDX_6EBC10B2A9E2D76C` (`joueur_id`),
  CONSTRAINT `FK_6EBC10B2A9E2D76C` FOREIGN KEY (`joueur_id`) REFERENCES `ecoach_joueurs` (`id`)
) ENGINE=InnoDB DEFAULT CHARSET=utf8mb4 COLLATE=utf8mb4_unicode_ci;
/*!40101 SET character_set_client = @saved_cs_client */;

--
-- Dumping data for table `ecoach_indisponibilites`
--

LOCK TABLES `ecoach_indisponibilites` WRITE;
/*!40000 ALTER TABLE `ecoach_indisponibilites` DISABLE KEYS */;
/*!40000 ALTER TABLE `ecoach_indisponibilites` ENABLE KEYS */;
UNLOCK TABLES;

--
-- Table structure for table `ecoach_joueurs`
--

DROP TABLE IF EXISTS `ecoach_joueurs`;
/*!40101 SET @saved_cs_client     = @@character_set_client */;
/*!40101 SET character_set_client = utf8 */;
CREATE TABLE `ecoach_joueurs` (
  `id` int(11) NOT NULL AUTO_INCREMENT,
  `saison_id` int(11) NOT NULL,
  `categorie_id` int(11) NOT NULL,
  `ddn_joueur` date NOT NULL,
  `mutation_joueur` varchar(50) COLLATE utf8mb4_unicode_ci NOT NULL,
  PRIMARY KEY (`id`),
  KEY `IDX_9D9CBED4F965414C` (`saison_id`),
  KEY `IDX_9D9CBED4BCF5E72D` (`categorie_id`),
  CONSTRAINT `FK_9D9CBED4BCF5E72D` FOREIGN KEY (`categorie_id`) REFERENCES `ecoach_categories` (`id`),
  CONSTRAINT `FK_9D9CBED4F965414C` FOREIGN KEY (`saison_id`) REFERENCES `ecoach_saisons` (`id`)
) ENGINE=InnoDB AUTO_INCREMENT=111 DEFAULT CHARSET=utf8mb4 COLLATE=utf8mb4_unicode_ci;
/*!40101 SET character_set_client = @saved_cs_client */;

--
-- Dumping data for table `ecoach_joueurs`
--

LOCK TABLES `ecoach_joueurs` WRITE;
/*!40000 ALTER TABLE `ecoach_joueurs` DISABLE KEYS */;
INSERT INTO `ecoach_joueurs` VALUES (1,1,14,'2012-12-21','MHP'),(2,1,2,'1987-05-09','MHP'),(3,1,2,'1994-02-24','MHP'),(4,1,2,'1987-10-14','MHP'),(5,1,9,'2007-07-26','MHP'),(6,1,14,'2012-05-09','MHP'),(7,1,34,'1948-06-19','MHP'),(8,1,2,'1998-07-09','MHP'),(9,1,2,'1991-09-18','MHP'),(10,1,8,'2006-03-31','MHP'),(11,1,9,'2007-08-09','MHP'),(12,1,2,'1999-08-03','MHP'),(13,1,3,'2001-10-02','MHP'),(14,1,12,'2010-06-13','MHP'),(15,1,2,'1996-05-17','MHP'),(16,1,9,'2007-08-31','MHP'),(17,1,2,'1996-05-17','MHP'),(18,1,34,'1975-05-01','MHP'),(19,1,2,'1998-04-15','MHP'),(20,1,1,'1973-04-01','MHP'),(21,1,5,'2003-12-03','MHP'),(22,1,15,'2013-12-22','MHP'),(23,1,11,'2009-09-11','MHP'),(24,1,14,'2012-08-22','MHP'),(25,1,11,'2009-01-11','MHP'),(26,1,5,'2003-12-26','MHP'),(27,1,16,'2014-12-18','MHP'),(28,1,1,'1985-02-15','MHP'),(29,1,3,'2001-08-14','MHP'),(30,1,6,'2004-01-10','MHP'),(31,1,34,'1965-03-14','MHP'),(32,1,13,'2011-08-08','MHP'),(33,1,34,'1954-04-08','MHP'),(34,1,18,'1990-11-24','MHP'),(35,1,9,'2007-10-28','MHP'),(36,1,2,'2000-01-07','MHP'),(37,1,11,'2009-03-03','MHP'),(38,1,35,'1993-02-21','MHP'),(39,1,16,'2014-08-23','MHP'),(40,1,2,'1999-02-23','MHP'),(41,1,3,'2001-04-26','MHP'),(42,1,34,'1956-12-10','MHP'),(43,1,34,'1996-03-10','MHP'),(44,1,34,'1953-04-09','MHP'),(45,1,25,'2007-10-19','MHP'),(46,1,2,'1992-07-24','MHP'),(47,1,13,'2011-07-15','MHP'),(48,1,6,'2004-12-02','MHP'),(49,1,5,'2003-07-19','MHP'),(50,1,34,'1993-02-09','MHP'),(51,1,2,'1997-10-01','MHP'),(52,1,35,'1977-01-11','MHP'),(53,1,2,'2000-02-10','MHP'),(54,1,4,'2002-07-12','MHP'),(55,1,1,'1972-01-23','MHP'),(56,1,12,'2010-01-30','MHP'),(57,1,36,'1992-08-21','MHP'),(58,1,2,'1994-10-02','MHP'),(59,1,12,'2010-07-27','MHP'),(60,1,40,'1983-09-29','MHP'),(61,1,40,'1981-03-28','MHP'),(62,1,2,'1993-10-08','MHP'),(63,1,11,'2009-07-06','MHP'),(64,1,36,'1972-08-15','MHP'),(65,1,4,'2002-03-04','MHP'),(66,1,9,'2007-07-24','MHP'),(67,1,18,'1996-04-24','MHP'),(68,1,15,'2013-03-13','MHP'),(69,1,12,'2010-12-21','MHP'),(70,1,34,'1981-09-28','MHP'),(71,1,9,'2007-01-15','MHP'),(72,1,8,'2006-03-10','MHP'),(73,1,16,'2014-03-07','MHP'),(74,1,2,'1996-01-19','MHP'),(75,1,36,'1989-02-28','MHP'),(76,1,10,'2008-12-27','MHP'),(77,1,34,'1974-10-14','MHP'),(78,1,2,'1999-12-30','MHP'),(79,1,37,'1963-08-20','MHP'),(80,1,12,'2010-07-06','MHP'),(81,1,34,'1982-06-13','MHP'),(82,1,10,'2008-03-13','MHP'),(83,1,22,'2004-01-09','MHP'),(84,1,2,'2000-09-04','MHP'),(85,1,2,'1999-11-26','MHP'),(86,1,34,'1972-12-26','MHP'),(87,1,18,'1983-07-04','MHP'),(88,1,4,'2002-07-29','MHP'),(89,1,9,'2007-05-16','MHP'),(90,1,11,'2009-07-18','MHP'),(91,1,2,'1994-06-30','MHP'),(92,1,9,'2007-08-05','MHP'),(93,1,6,'2004-10-26','MHP'),(94,1,2,'2000-09-19','MHP'),(95,1,40,'1981-01-17','MHP'),(96,1,2,'1991-06-12','MHP'),(97,1,4,'2002-09-02','MHP'),(98,1,34,'1975-11-10','MHP'),(99,1,34,'1971-08-29','MHP'),(100,1,34,'1972-07-07','MHP'),(101,1,39,'1976-10-13','MHP'),(102,1,9,'2007-09-13','MHP'),(103,1,24,'2006-01-19','MHP'),(104,1,34,'1977-02-17','MHP'),(105,1,3,'2001-04-17','MHP'),(106,1,12,'2010-06-18','MHP'),(107,1,2,'1990-07-24','MHP'),(108,1,15,'1902-05-17','M'),(109,1,8,'2022-05-03','M'),(110,2,13,'2022-05-19','M');
/*!40000 ALTER TABLE `ecoach_joueurs` ENABLE KEYS */;
UNLOCK TABLES;

--
-- Table structure for table `ecoach_joueurs_ecoach_equipes`
--

DROP TABLE IF EXISTS `ecoach_joueurs_ecoach_equipes`;
/*!40101 SET @saved_cs_client     = @@character_set_client */;
/*!40101 SET character_set_client = utf8 */;
CREATE TABLE `ecoach_joueurs_ecoach_equipes` (
  `ecoach_joueurs_id` int(11) NOT NULL,
  `ecoach_equipes_id` int(11) NOT NULL,
  PRIMARY KEY (`ecoach_joueurs_id`,`ecoach_equipes_id`),
  KEY `IDX_12143F646F3E0418` (`ecoach_joueurs_id`),
  KEY `IDX_12143F64BF9A7623` (`ecoach_equipes_id`),
  CONSTRAINT `FK_12143F646F3E0418` FOREIGN KEY (`ecoach_joueurs_id`) REFERENCES `ecoach_joueurs` (`id`) ON DELETE CASCADE,
  CONSTRAINT `FK_12143F64BF9A7623` FOREIGN KEY (`ecoach_equipes_id`) REFERENCES `ecoach_equipes` (`id`) ON DELETE CASCADE
) ENGINE=InnoDB DEFAULT CHARSET=utf8mb4 COLLATE=utf8mb4_unicode_ci;
/*!40101 SET character_set_client = @saved_cs_client */;

--
-- Dumping data for table `ecoach_joueurs_ecoach_equipes`
--

LOCK TABLES `ecoach_joueurs_ecoach_equipes` WRITE;
/*!40000 ALTER TABLE `ecoach_joueurs_ecoach_equipes` DISABLE KEYS */;
/*!40000 ALTER TABLE `ecoach_joueurs_ecoach_equipes` ENABLE KEYS */;
UNLOCK TABLES;

--
-- Table structure for table `ecoach_ligne_convocation`
--

DROP TABLE IF EXISTS `ecoach_ligne_convocation`;
/*!40101 SET @saved_cs_client     = @@character_set_client */;
/*!40101 SET character_set_client = utf8 */;
CREATE TABLE `ecoach_ligne_convocation` (
  `id` int(11) NOT NULL AUTO_INCREMENT,
  `joueur_id` int(11) NOT NULL,
  `convocation_id` int(11) NOT NULL,
  `participation` tinyint(1) NOT NULL,
  `statut_convocation` int(11) NOT NULL,
  `raison_non_presence` varchar(255) COLLATE utf8mb4_unicode_ci DEFAULT NULL,
  PRIMARY KEY (`id`),
  KEY `IDX_6A7AE75AA9E2D76C` (`joueur_id`),
  KEY `IDX_6A7AE75AE8746F65` (`convocation_id`),
  CONSTRAINT `FK_6A7AE75AA9E2D76C` FOREIGN KEY (`joueur_id`) REFERENCES `ecoach_joueurs` (`id`),
  CONSTRAINT `FK_6A7AE75AE8746F65` FOREIGN KEY (`convocation_id`) REFERENCES `ecoach_convocations` (`id`)
) ENGINE=InnoDB AUTO_INCREMENT=17 DEFAULT CHARSET=utf8mb4 COLLATE=utf8mb4_unicode_ci;
/*!40101 SET character_set_client = @saved_cs_client */;

--
-- Dumping data for table `ecoach_ligne_convocation`
--

LOCK TABLES `ecoach_ligne_convocation` WRITE;
/*!40000 ALTER TABLE `ecoach_ligne_convocation` DISABLE KEYS */;
INSERT INTO `ecoach_ligne_convocation` VALUES (1,3,2,0,0,NULL),(2,4,28,0,0,NULL),(3,16,28,0,0,NULL),(4,2,28,0,0,NULL),(5,1,28,0,0,NULL),(6,3,28,0,0,NULL),(7,6,29,0,0,NULL),(8,11,29,0,0,NULL),(9,5,30,0,-1,NULL),(10,25,30,0,0,NULL),(11,9,32,0,0,NULL),(12,24,32,0,0,NULL),(13,54,32,0,0,NULL),(14,2,34,0,0,NULL),(15,16,34,0,0,NULL),(16,30,34,0,0,NULL);
/*!40000 ALTER TABLE `ecoach_ligne_convocation` ENABLE KEYS */;
UNLOCK TABLES;

--
-- Table structure for table `ecoach_matchs`
--

DROP TABLE IF EXISTS `ecoach_matchs`;
/*!40101 SET @saved_cs_client     = @@character_set_client */;
/*!40101 SET character_set_client = utf8 */;
CREATE TABLE `ecoach_matchs` (
  `id` int(11) NOT NULL AUTO_INCREMENT,
  `numero_match` int(11) NOT NULL,
  `date_heure_match` datetime NOT NULL,
  `numero_journee` int(11) NOT NULL,
  `categorie_equipe_local` varchar(50) COLLATE utf8mb4_unicode_ci NOT NULL,
  `score_match` varchar(10) COLLATE utf8mb4_unicode_ci DEFAULT NULL,
  `equipe_local` varchar(100) COLLATE utf8mb4_unicode_ci NOT NULL,
  `equipe_adverse` varchar(100) COLLATE utf8mb4_unicode_ci NOT NULL,
  `lieu_match` varchar(255) COLLATE utf8mb4_unicode_ci NOT NULL,
  `lien_feuille_de_match` varchar(255) COLLATE utf8mb4_unicode_ci DEFAULT NULL,
  PRIMARY KEY (`id`)
) ENGINE=InnoDB AUTO_INCREMENT=214 DEFAULT CHARSET=utf8mb4 COLLATE=utf8mb4_unicode_ci;
/*!40101 SET character_set_client = @saved_cs_client */;

--
-- Dumping data for table `ecoach_matchs`
--

LOCK TABLES `ecoach_matchs` WRITE;
/*!40000 ALTER TABLE `ecoach_matchs` DISABLE KEYS */;
INSERT INTO `ecoach_matchs` VALUES (1,23884725,'2021-10-02 16:00:00',3,'/',NULL,'DUNKERQUE/ESQUELBECQ 5','','',NULL),(2,23884727,'2021-10-09 16:00:00',4,'Libre / U18F - U17F - U16F','2 - 0','DUNKERQUE/ESQUELBECQ 5','CALAIS GRAND PASCAL 5','STADE DE L\' ÉPOPÉE 2','cgi-bin-order-displayOrder-cgi-OVHcloud-627bc1b775db0.pdf'),(3,23884731,'2021-10-16 18:30:00',5,'Libre / U18F - U17F - U16F',NULL,'DUNKERQUE/ESQUELBECQ 5','LILLERS FC 5','STADE MARCEL TRIBUT N° 2','fiche-de-presence-5-6273c26d14a35.pdf'),(4,23884721,'2021-09-25 14:15:00',2,'Libre / U18F - U17F - U16F',NULL,'DUNKERQUE/ESQUELBECQ 5','BLERIOT PLAGE US 5','STADE PIERRE DUYSTCHE 1','20220511-183131-62849aea7b303.jpg'),(5,23884719,'2021-10-27 16:00:00',1,'Libre / U18 F - U17 F - U16 F',NULL,'DUNKERQUE/ESQUELBECQ 5','BOULOGNE USCO 5','COMPLEXE SPORTIF FORT VALLIÈRES4','Script-62849a0b1f03f.txt'),(6,24217036,'2022-03-05 18:30:00',5,'Libre / U18 F - U17 F - U16 F',NULL,'DUNKERQUE/ESQUELBECQ 5','CALAIS GRAND PASCAL 6','STADE MARCEL TRIBUT N° 2',NULL),(7,24217039,'2022-03-12 14:30:00',6,'Libre / U18 F - U17 F - U16 F','2 - 0','DUNKERQUE/ESQUELBECQ 5','HAZEBROUCK CHTS AS 5','COMPLEXE SPORTIF DE L\'HOFLANDT 1',NULL),(8,24217047,'2022-05-14 18:30:00',9,'Libre / U18 F - U17 F - U16 F',NULL,'DUNKERQUE/ESQUELBECQ 5','BOULOGNE USCO 5','STADE MARCEL TRIBUT N° 2',NULL),(9,24217026,'2022-02-19 17:15:00',2,'Libre / U18 F - U17 F - U16 F',NULL,'DUNKERQUE/ESQUELBECQ 5','STEENVOORDE AS 5','STADE MUNICIPAL N° 2','cerfa-15776-02-62849acab8dad.pdf'),(10,24217041,'2022-03-19 17:15:00',7,'Libre / U18 F - U17 F - U16 F',NULL,'DUNKERQUE/ESQUELBECQ 5','STEENVOORDE AS 5','COMPLEXE SPORTIF FORT VALLIÈRES4',NULL),(11,24217051,'2022-05-21 16:00:00',10,'Libre / U18 F - U17 F - U16 F',NULL,'DUNKERQUE/ESQUELBECQ 5','CALAIS GRAND PASCAL 6','STADE JULIEN DENIS 1',NULL),(12,24217032,'2022-02-26 16:00:00',4,'Libre / U18 F - U17 F - U16 F',NULL,'DUNKERQUE/ESQUELBECQ 5','BOULOGNE USCO 5','STADE DE LA WAROQUERIE 4',NULL),(13,24217030,'2022-03-26 15:00:00',3,'Libre / U18 F - U17 F - U16 F',NULL,'DUNKERQUE/ESQUELBECQ 5','BLERIOT PLAGE US 5','STADE PIERRE DUYSTCHE 1',NULL),(14,24217024,'2022-01-29 15:30:00',1,'Libre / U18 F - U17 F - U16 F',NULL,'DUNKERQUE/ESQUELBECQ 5','HAZEBROUCK CHTS AS 5','STADE MARCEL TRIBUT N° 2',NULL),(15,24217024,'2022-01-29 15:30:00',1,'Libre / U18 F - U17 F - U16 F',NULL,'DUNKERQUE/ESQUELBECQ 5','HAZEBROUCK CHTS AS 5','STADE MARCEL TRIBUT N° 2',NULL),(16,24217045,'2022-04-30 16:30:00',8,'Libre / U18 F - U17 F - U16 F',NULL,'DUNKERQUE/ESQUELBECQ 5','BLERIOT PLAGE US 5','STADE MARCEL TRIBUT N° 2',NULL),(17,24174484,'2021-11-13 18:00:00',1,'Libre / Senior','5 - 45','U.S. ESQUELBECQ 1','RED STAR  FC 1','STADE MUNICIPAL N° 1',NULL),(18,24014839,'2021-10-03 15:00:00',4,'Libre / Senior',NULL,'ESQUELBECQ US 1','AILLY FRATERNELLE 1','STADE RENÉ CRAMPON 1',NULL),(19,23786609,'2021-09-05 15:00:00',2,'Libre / Senior',NULL,'ESQUELBECQ US 1','STEENE FC 1','STADE JOSEPH PUSCA 1',NULL),(20,24092787,'2021-10-17 15:00:00',5,'Libre / Senior',NULL,'ESQUELBECQ US 1','RONCQ ES 1','COMPLEXE SPORTIF J.M. VAESKEN 1',NULL),(21,23868219,'2021-09-19 15:00:00',3,'Libre / Senior',NULL,'ESQUELBECQ US 1','ROUBAIX SCO 59 1','COMPLEXE SPORTIF J.M. VAESKEN 1',NULL),(22,24120366,'2021-10-31 15:00:00',6,'Libre / Senior','10 - 5','ESQUELBECQ US 1','HAZEBROUCK SC 1','STADE AUGUSTE DAMETTE 1',NULL),(23,24479337,'2022-04-13 18:00:00',3,'Libre / U15 - U14',NULL,'ESQUELBECQ US 15','CAPPELLE GRANDE ES 15','COMPLEXE SPORTIF J.M. VAESKEN 1',NULL),(24,24497297,'2022-04-27 18:00:00',4,'Libre / U15 - U14',NULL,'ESQUELBECQ US 15','BERGUES RC 15','COMPLEXE SPORTIF J.M. VAESKEN 1',NULL),(25,24110889,'2021-11-06 14:30:00',1,'Libre / U17 - U16',NULL,'ESQUELBECQ US 16','DUNKERQUE MALO FC 16','COMPLEXE SPORTIF LA LICORNE N° 2',NULL),(26,24479311,'2022-04-09 17:00:00',4,'Libre / U17 - U16',NULL,'ESQUELBECQ US 16','GRANDE SYNTHE OL 16','STADE DEBUSSY 1',NULL),(27,24370750,'2022-02-17 19:15:00',2,'Libre / U17 - U16',NULL,'ESQUELBECQ US 16','BERGUES RC 16','COMPLEXE SPORTIF J.M. VAESKEN 2',NULL),(28,24198876,'2021-11-20 16:00:00',1,'Libre / U18 F - U17 F - U16 F',NULL,'DUNKERQUE/ESQUELBECQ 5','CALAIS GRAND PASCAL 5','STADE JULIEN DENIS 1',NULL),(29,24479264,'2022-04-09 15:00:00',3,'Libre / U19 - U18',NULL,'ESQUELBECQ US 1','LA GORGUE CS 1','COMPLEXE SPORTIF J.M. VAESKEN 1',NULL),(30,24370628,'2022-02-20 10:00:00',2,'Libre / U19 - U18',NULL,'ESQUELBECQ US 1','GRANDE SYNTHE O. 1','STADE STADIUM DU LITTORAL 2',NULL),(31,24497251,'2022-04-30 15:15:00',5,'Libre / U19 - U18',NULL,'ESQUELBECQ US 1','RADINGHEM AS 1','COMPLEXE SPORTIF OCTAVE BAJEUX 1',NULL),(32,23852301,'2021-09-19 10:30:00',1,'Libre / Senior',NULL,'ESQUELBECQ US 2','BRAY DUNES US 1','STADE PIERRE LAMSTAES 1',NULL),(33,23852313,'2021-09-18 18:30:00',1,'Libre / Senior',NULL,'ESQUELBECQ US 3','GRANDE SYNTHE ASA 2','STADE ANDRÉ CALCOEN 1',NULL),(34,23852404,'2021-09-19 10:00:00',1,'Libre / Senior',NULL,'ESQUELBECQ US 4','CRAYWICK FC 1','STADE MARIE THÉRÈSE MORALES 1',NULL),(35,24429111,'2022-03-05 15:00:00',2,'/',NULL,'ESQUELBECQ US F 1','','',NULL),(36,24429109,'2022-02-26 15:00:00',1,'/',NULL,'ESQUELBECQ US F 1','','',NULL),(37,24429124,'2022-04-02 17:00:00',6,'Libre / U18 F - U17 F - U16 F',NULL,'ESQUELBECQ US F 1','','COMPLEXE SPORTIF J.M. VAESKEN 2',NULL),(38,24429130,'2022-05-07 15:00:00',8,'Libre / U18 F - U17 F - U16 F',NULL,'ESQUELBECQ US F 1','PAYS DE CASSEL US 1','STADE MUNICIPAL 1',NULL),(39,24429119,'2022-04-09 18:00:00',4,'Libre / U18 F - U17 F - U16 F',NULL,'ESQUELBECQ US F 1','COUDEKERQUE ASF 1','STADE DANIEL PROVOOST 2',NULL),(40,24429115,'2022-03-12 17:00:00',3,'Libre / U18 F - U17 F - U16 F',NULL,'ESQUELBECQ US F 1','PAYS DE CASSEL US 1','COMPLEXE SPORTIF J.M. VAESKEN 2',NULL),(41,24429134,'2022-05-14 17:00:00',9,'Libre / U18 F - U17 F - U16 F',NULL,'ESQUELBECQ US F 1','COUDEKERQUE ASF 1','COMPLEXE SPORTIF J.M. VAESKEN 2',NULL),(42,24429137,'2022-05-21 17:00:00',10,'Libre / U18 F - U17 F - U16 F',NULL,'ESQUELBECQ US F 1','HOYMILLE ASC 1','STADE JACQUES DEVULDER',NULL),(43,24429126,'2022-04-23 17:00:00',7,'Libre / U18 F - U17 F - U16 F',NULL,'ESQUELBECQ US F 1','','COMPLEXE SPORTIF J.M. VAESKEN 2',NULL),(44,24429122,'2022-04-30 16:00:00',5,'Libre / U18 F - U17 F - U16 F',NULL,'ESQUELBECQ US F 1','HOYMILLE ASC 1','COMPLEXE SPORTIF J.M. VAESKEN 1',NULL),(45,23951831,'2021-10-02 15:30:00',2,'Libre / U19 - U18',NULL,'ESQUELBECQ US 1','MOUVAUX ES 1','STADE PATRICK BALAY 2',NULL),(46,23696828,'2021-09-11 13:45:00',1,'Libre / U19 - U18',NULL,'ESQUELBECQ US 1','GRANDE SYNTHE O. 1','STADE STADIUM DU LITTORAL 2',NULL),(47,24092644,'2021-10-24 10:30:00',3,'Libre / U19 - U18',NULL,'ESQUELBECQ US 1','SOISSONS IFC 17','COMPLEXE SPORTIF J.M. VAESKEN 1',NULL),(48,23685562,'2022-04-03 15:30:00',14,'Libre / Senior',NULL,'ESQUELBECQ US 2','DUNKERQUE MALO FC 2','COMPLEXE SPORTIF J.M. VAESKEN 2',NULL),(49,23685531,'2021-10-03 15:00:00',8,'Libre / Senior',NULL,'ESQUELBECQ US 2','ST POL USCC 1','COMPLEXE SPORTIF J.M. VAESKEN 1',NULL),(50,23685566,'2022-02-06 15:00:00',15,'Libre / Senior',NULL,'ESQUELBECQ US 2','STEENVOORDE AS 2','STADE MUNICIPAL N° 2',NULL),(51,23685548,'2022-03-06 15:00:00',11,'Libre / Senior',NULL,'ESQUELBECQ US 2','PERENCHIES US 1','COMPLEXE SPORTIF J.M. VAESKEN 1',NULL),(52,23685517,'2021-11-07 14:30:00',5,'Libre / Senior',NULL,'ESQUELBECQ US 2','DUNKERQUE MALO FC 2','COMPLEXE SPORTIF LA LICORNE N° 1',NULL),(53,23685506,'2021-10-10 15:00:00',3,'Libre / Senior',NULL,'ESQUELBECQ US 2','ANNOEULLIN FC 1','COMPLEXE SPORTIF J.M. VAESKEN 1',NULL),(54,23685496,'2021-12-12 14:30:00',1,'Libre / Senior',NULL,'ESQUELBECQ US 2','ROUBAIX SC 1','COMPLEXE SPORTIF J.M. VAESKEN 2',NULL),(55,23685580,'2022-05-15 15:00:00',18,'Libre / Senior',NULL,'ESQUELBECQ US 2','HAUBOURDIN CG 1','COMPLEXE SPORTIF J.M. VAESKEN 1',NULL),(56,23685535,'2021-10-16 17:00:00',9,'Libre / Senior',NULL,'ESQUELBECQ US 2','HAUBOURDIN CG 1','STADE DE BEAUPRÉ 1',NULL),(57,23685551,'2022-03-20 15:00:00',12,'Libre / Senior',NULL,'ESQUELBECQ US 2','ANNOEULLIN FC 1','STADE LÉO LAGRANGE N°1',NULL),(58,23685521,'2021-11-21 14:30:00',6,'Libre / Senior',NULL,'ESQUELBECQ US 2','STEENVOORDE AS 2','COMPLEXE SPORTIF J.M. VAESKEN 1',NULL),(59,23685576,'2022-05-22 15:00:00',17,'Libre / Senior',NULL,'ESQUELBECQ US 2','ST POL USCC 1','STADE CITÉ SNCF 1',NULL),(60,23685574,'2022-04-24 15:00:00',16,'Libre / Senior',NULL,'ESQUELBECQ US 2','ANST CHERENG 1','COMPLEXE SPORTIF J.M. VAESKEN 1',NULL),(61,23685510,'2021-10-24 15:00:00',4,'Libre / Senior',NULL,'ESQUELBECQ US 2','WAVRIN DON JS 1','STADE MUNICIPAL',NULL),(62,23685555,'2022-03-26 19:00:00',13,'Libre / Senior',NULL,'ESQUELBECQ US 2','WAVRIN DON JS 1','COMPLEXE SPORTIF J.M. VAESKEN 1',NULL),(63,23685503,'2021-09-26 15:00:00',2,'Libre / Senior',NULL,'ESQUELBECQ US 2','PERENCHIES US 1','STADE DONAT AGACHE 1',NULL),(64,23685541,'2022-02-27 15:00:00',10,'Libre / Senior',NULL,'ESQUELBECQ US 2','ROUBAIX SC 1','STADE D\' AVELGHEM 1',NULL),(65,23685529,'2022-01-30 14:30:00',7,'Libre / Senior',NULL,'ESQUELBECQ US 2','ANST CHERENG 1','STADE MUNICIPAL 1',NULL),(66,23686743,'2021-10-02 18:00:00',8,'Libre / Senior',NULL,'ESQUELBECQ US 3','REXPOEDE AS 1','COMPLEXE SPORTIF J.M. VAESKEN 2',NULL),(67,23686774,'2022-04-03 13:00:00',14,'Libre / Senior',NULL,'ESQUELBECQ US 3','P.SYNTHE SM 2','COMPLEXE SPORTIF J.M. VAESKEN 2',NULL),(68,23686778,'2022-02-06 15:00:00',15,'Libre / Senior',NULL,'ESQUELBECQ US 3','COLME ASF LHC 1','COMPLEXE SPORTIF J.M. VAESKEN 2',NULL),(69,23686760,'2022-03-06 15:00:00',11,'Libre / Senior',NULL,'ESQUELBECQ US 3','BOESCHEPE es 1','COMPLEXE SPORTIF J.M. VAESKEN 2',NULL),(70,23686729,'2021-11-07 14:30:00',5,'Libre / Senior',NULL,'ESQUELBECQ US 3','P.SYNTHE SM 2','STADE PAUL DESSINGUEZ 1',NULL),(71,23686718,'2021-10-10 15:00:00',3,'Libre / Senior',NULL,'ESQUELBECQ US 3','GRAVELINES US 3','COMPLEXE SPORTIF J.M. VAESKEN 2',NULL),(72,23686708,'2021-09-12 15:00:00',1,'Libre / Senior',NULL,'ESQUELBECQ US 3','MERVILLE USM 1','COMPLEXE SPORTIF J.M. VAESKEN 2',NULL),(73,23686792,'2022-05-15 15:00:00',18,'Libre / Senior',NULL,'ESQUELBECQ US 3','PITGAM AS 1','COMPLEXE SPORTIF J.M. VAESKEN 2',NULL),(74,23686747,'2021-10-17 15:00:00',9,'Libre / Senior',NULL,'ESQUELBECQ US 3','PITGAM AS 1','STADE GÉRARD VERMOTE',NULL),(75,23686763,'2022-03-20 15:00:00',12,'Libre / Senior',NULL,'ESQUELBECQ US 3','GRAVELINES US 3','STADE DU MOULIN N°4',NULL),(76,23686733,'2021-11-21 14:30:00',6,'Libre / Senior',NULL,'ESQUELBECQ US 3','COLME ASF LHC 1','COMPLEXE SPORTIF J.M. VAESKEN 2',NULL),(77,23686788,'2022-05-22 15:00:00',17,'Libre / Senior',NULL,'ESQUELBECQ US 3','REXPOEDE AS 1','STADE MUNICIPAL 1',NULL),(78,23686786,'2022-04-24 15:00:00',16,'Libre / Senior',NULL,'ESQUELBECQ US 3','CAPPELLE GRANDE ES 1','COMPLEXE SPORTIF J.M. VAESKEN 2',NULL),(79,23686722,'2021-10-24 15:00:00',4,'Libre / Senior',NULL,'ESQUELBECQ US 3','STEENE FC 1','STADE JOSEPH PUSCA 1',NULL),(80,23686715,'2021-09-26 15:00:00',2,'Libre / Senior',NULL,'ESQUELBECQ US 3','BOESCHEPE es 1','STADE MUNICIPAL 1',NULL),(81,23686753,'2022-02-27 15:00:00',10,'Libre / Senior',NULL,'ESQUELBECQ US 3','MERVILLE USM 1','STADE LOUIS BASSEMENT',NULL),(82,23686767,'2022-03-27 13:00:00',13,'Libre / Senior',NULL,'ESQUELBECQ US 3','STEENE FC 1','COMPLEXE SPORTIF J.M. VAESKEN 1',NULL),(83,23686741,'2022-01-30 14:30:00',7,'Libre / Senior',NULL,'ESQUELBECQ US 3','CAPPELLE GRANDE ES 1','STADE LÉO LAGRANGE 1',NULL),(84,23687580,'2022-04-03 10:00:00',14,'Libre / Senior',NULL,'ESQUELBECQ US 4','DUNKERQUE SUD AS 3','COMPLEXE SPORTIF J.M. VAESKEN 2',NULL),(85,23687550,'2021-10-03 10:00:00',8,'Libre / Senior',NULL,'ESQUELBECQ US 4','HOUPLINES EC 2','COMPLEXE SPORTIF J.M. VAESKEN 2',NULL),(86,23687585,'2022-02-06 10:00:00',15,'Libre / Senior',NULL,'ESQUELBECQ US 4','ST POL USCC 3','STADE CITÉ SNCF 2',NULL),(87,23687565,'2022-03-06 10:00:00',11,'Libre / Senior',NULL,'ESQUELBECQ US 4','WARHEM US 2','STADE DENIS DEPOORTER 1',NULL),(88,23687535,'2021-11-07 09:00:00',5,'Libre / Senior',NULL,'ESQUELBECQ US 4','DUNKERQUE SUD AS 3','STADE DU FORT LOUIS',NULL),(89,23687595,'2022-05-08 15:00:00',17,'Libre / Senior',NULL,'ESQUELBECQ US 4','HOUPLINES EC 2','STADE ANDRÉ CLAEYS 1',NULL),(90,23687522,'2021-10-10 15:00:00',3,'Libre / Senior',NULL,'ESQUELBECQ US 4','NIEPPE FC 2','STADE JULES DEREMAUX 1',NULL),(91,23687513,'2021-09-12 15:00:00',1,'Libre / Senior',NULL,'ESQUELBECQ US 4','LEDERZEELE US 1','STADE MUNICIPAL 1',NULL),(92,23687598,'2022-05-15 10:00:00',18,'Libre / Senior',NULL,'ESQUELBECQ US 4','HOYMILLE ASC 1','COMPLEXE SPORTIF J.M. VAESKEN 2',NULL),(93,23687553,'2021-10-17 10:00:00',9,'Libre / Senior',NULL,'ESQUELBECQ US 4','HOYMILLE ASC 1','STADE JACQUES DEVULDER',NULL),(94,23687567,'2022-03-20 10:00:00',12,'Libre / Senior',NULL,'ESQUELBECQ US 4','NIEPPE FC 2','COMPLEXE SPORTIF J.M. VAESKEN 2',NULL),(95,23687540,'2021-11-21 10:00:00',6,'Libre / Senior',NULL,'ESQUELBECQ US 4','ST POL USCC 3','COMPLEXE SPORTIF J.M. VAESKEN 2',NULL),(96,23687587,'2022-04-24 10:00:00',16,'Libre / Senior',NULL,'ESQUELBECQ US 4','STEENVOORDE AS 4','COMPLEXE SPORTIF J.M. VAESKEN 2',NULL),(97,23687530,'2021-10-24 10:00:00',4,'Libre / Senior',NULL,'ESQUELBECQ US 4','ARMBOUTS CAPPEL US 2','COMPLEXE SPORTIF J.M. VAESKEN 2',NULL),(98,23687520,'2021-09-26 10:00:00',2,'Libre / Senior',NULL,'ESQUELBECQ US 4','WARHEM US 2','COMPLEXE SPORTIF J.M. VAESKEN 2',NULL),(99,23687558,'2022-02-27 15:00:00',10,'Libre / Senior',NULL,'ESQUELBECQ US 4','LEDERZEELE US 1','STADE MUNICIPAL 1',NULL),(100,23687575,'2022-03-27 10:00:00',13,'Libre / Senior',NULL,'ESQUELBECQ US 4','ARMBOUTS CAPPEL US 2','STADE ROGER FLENGHI N° 2',NULL),(101,23687542,'2022-01-30 09:00:00',7,'Libre / Senior',NULL,'ESQUELBECQ US 4','STEENVOORDE AS 4','STADE MUNICIPAL N° 2',NULL),(102,23407524,'2022-04-03 15:00:00',16,'Libre / Senior',NULL,'ESQUELBECQ US 1','MALO FCD 1','COMPLEXE SPORTIF LA LICORNE N° 2',NULL),(103,23407488,'2022-02-06 15:00:00',10,'Libre / Senior',NULL,'ESQUELBECQ US 1','LE TOUQUET AC 2','COMPLEXE SPORTIF 3',NULL),(104,23407506,'2022-03-06 15:00:00',13,'Libre / Senior',NULL,'ESQUELBECQ US 1','CALAIS GRAND PASCAL 1','STADE DE L\' ÉPOPÉE 2',NULL),(105,23407458,'2021-11-07 14:30:00',5,'Libre / Senior',NULL,'ESQUELBECQ US 1','MALO FCD 1','COMPLEXE SPORTIF J.M. VAESKEN 1',NULL),(106,23407546,'2022-05-08 15:00:00',19,'Libre / Senior',NULL,'ESQUELBECQ US 1','COQUELLES SC 1','COMPLEXE SPORTIF J.M. VAESKEN 1',NULL),(107,23407532,'2022-04-10 15:00:00',17,'Libre / Senior',NULL,'ESQUELBECQ US 1','SECLIN FC 1','COMPLEXE SPORTIF J.M. VAESKEN 1',NULL),(108,23407445,'2021-10-10 15:00:00',3,'Libre / Senior',NULL,'ESQUELBECQ US 1','ASCQ US 1','STADE PIERRE BEAUCAMP 1',NULL),(109,23407436,'2021-09-12 15:00:00',1,'Libre / Senior',NULL,'ESQUELBECQ US 1','SANTES FC 1','STADE MUNICIPAL 1',NULL),(110,23407480,'2021-12-12 14:30:00',8,'Libre / Senior',NULL,'ESQUELBECQ US 1','COQUELLES SC 1','STADE CALQUELLA',NULL),(111,23407494,'2022-02-13 15:00:00',11,'Libre / Senior',NULL,'ESQUELBECQ US 1','LILLE FIVES OS 1','COMPLEXE SPORTIF J.M. VAESKEN 1',NULL),(112,23407548,'2022-05-15 15:00:00',20,'Libre / Senior',NULL,'ESQUELBECQ US 1','AIRE SUR LA LYS OS 1','PARC DES SPORTS PAUL NESTIER',NULL),(113,23407470,'2022-01-16 14:30:00',7,'Libre / Senior',NULL,'ESQUELBECQ US 1','BLERIOT PLAGE US 1','COMPLEXE SPORTIF J.M. VAESKEN 1',NULL),(114,23407511,'2022-03-20 15:00:00',14,'Libre / Senior',NULL,'ESQUELBECQ US 1','ASCQ US 1','COMPLEXE SPORTIF J.M. VAESKEN 1',NULL),(115,23407466,'2021-11-21 14:30:00',6,'Libre / Senior',NULL,'ESQUELBECQ US 1','SECLIN FC 1','STADE ROGER SURY',NULL),(116,23407554,'2022-05-22 15:00:00',21,'Libre / Senior',NULL,'ESQUELBECQ US 1','LE TOUQUET AC 2','COMPLEXE SPORTIF J.M. VAESKEN 1',NULL),(117,23407482,'2022-01-23 14:30:00',9,'Libre / Senior',NULL,'ESQUELBECQ US 1','AIRE SUR LA LYS OS 1','COMPLEXE SPORTIF J.M. VAESKEN 1',NULL),(118,23407536,'2022-04-24 15:00:00',18,'Libre / Senior',NULL,'ESQUELBECQ US 1','BLERIOT PLAGE US 1','STADE PIERRE DUYSTCHE 1',NULL),(119,23407452,'2021-10-24 15:00:00',4,'Libre / Senior',NULL,'ESQUELBECQ US 1','LAMBERSART UF 1','COMPLEXE SPORTIF J.M. VAESKEN 1',NULL),(120,23407440,'2021-09-26 15:00:00',2,'Libre / Senior',NULL,'ESQUELBECQ US 1','CALAIS GRAND PASCAL 1','COMPLEXE SPORTIF J.M. VAESKEN 1',NULL),(121,23407502,'2022-02-27 15:00:00',12,'Libre / Senior',NULL,'ESQUELBECQ US 1','SANTES FC 1','COMPLEXE SPORTIF J.M. VAESKEN 1',NULL),(122,23407518,'2022-03-27 15:00:00',15,'Libre / Senior',NULL,'ESQUELBECQ US 1','LAMBERSART UF 1','STADE GUY LEFORT 1',NULL),(123,23407560,'2022-05-29 15:00:00',22,'Libre / Senior',NULL,'ESQUELBECQ US 1','LILLE FIVES OS 1','STADE MARCEL DUHOO',NULL),(124,24425032,'2022-03-02 17:00:00',1,'Libre / Football d\'animation',NULL,'ESQUELBECQ US 11','ST POL USCC 11','STADE ROMAIN ROLLAND 1',NULL),(125,24425047,'2022-04-02 15:30:00',6,'Libre / Football d\'animation',NULL,'ESQUELBECQ US 11','ST POL USCC 11','COMPLEXE SPORTIF J.M. VAESKEN 2',NULL),(126,24425035,'2022-03-05 15:30:00',2,'Libre / Football d\'animation',NULL,'ESQUELBECQ US 11','HAZEBROUCK SC 11','COMPLEXE SPORTIF J.M. VAESKEN 2',NULL),(127,24425038,'2022-04-06 14:00:00',3,'Libre / Football d\'animation',NULL,'ESQUELBECQ US 11','BAILLEUL SC 11','STADE CHARLES LESAGE 2',NULL),(128,24425053,'2022-05-07 15:30:00',8,'Libre / Football d\'animation',NULL,'ESQUELBECQ US 11','BAILLEUL SC 11','COMPLEXE SPORTIF J.M. VAESKEN 2',NULL),(129,24425056,'2022-05-14 13:15:00',9,'Libre / Football d\'animation',NULL,'ESQUELBECQ US 11','DUNKERQUE USL 11','COMPLEXE SPORTIF FORT VALLIÈRES4',NULL),(130,24425041,'2022-03-19 15:30:00',4,'Libre / Football d\'animation',NULL,'ESQUELBECQ US 11','DUNKERQUE USL 11','COMPLEXE SPORTIF J.M. VAESKEN 2',NULL),(131,24425059,'2022-05-21 15:30:00',10,'Libre / Football d\'animation',NULL,'ESQUELBECQ US 11','GRANDE SYNTHE ASA 11','COMPLEXE SPORTIF J.M. VAESKEN 2',NULL),(132,24425050,'2022-04-23 11:00:00',7,'Libre / Football d\'animation',NULL,'ESQUELBECQ US 11','HAZEBROUCK SC 11','STADE AUGUSTE DAMETTE 2',NULL),(133,24425044,'2022-03-26 14:00:00',5,'Libre / Football d\'animation',NULL,'ESQUELBECQ US 11','GRANDE SYNTHE ASA 11','STADE ANDRÉ CALCOEN 1',NULL),(134,24426215,'2022-04-02 14:00:00',6,'Libre / Football d\'animation',NULL,'ESQUELBECQ US 12','ARMBOUTS CAPPEL US 12','COMPLEXE SPORTIF J.M. VAESKEN 2',NULL),(135,24426203,'2022-03-05 14:00:00',2,'Libre / Football d\'animation',NULL,'ESQUELBECQ US 12','ROSENDAEL FC 11','COMPLEXE SPORTIF J.M. VAESKEN 2',NULL),(136,24426221,'2022-05-07 14:00:00',8,'Libre / Football d\'animation',NULL,'ESQUELBECQ US 12','CAPPELLE GRANDE ES 11','COMPLEXE SPORTIF J.M. VAESKEN 2',NULL),(137,24426206,'2022-03-12 15:00:00',3,'Libre / Football d\'animation',NULL,'ESQUELBECQ US 12','CAPPELLE GRANDE ES 11','STADE LÉO LAGRANGE 2',NULL),(138,24426224,'2022-05-14 15:30:00',9,'Libre / Football d\'animation',NULL,'ESQUELBECQ US 12','YSER/STEENE ENT 13','STADE JOSEPH DEMEESTER',NULL),(139,24426209,'2022-03-19 14:00:00',4,'Libre / Football d\'animation',NULL,'ESQUELBECQ US 12','YSER/STEENE ENT 13','COMPLEXE SPORTIF J.M. VAESKEN 2',NULL),(140,24426227,'2022-05-21 14:00:00',10,'Libre / Football d\'animation',NULL,'ESQUELBECQ US 12','WARHEM US 11','COMPLEXE SPORTIF J.M. VAESKEN 2',NULL),(141,24426218,'2022-04-23 14:30:00',7,'Libre / Football d\'animation',NULL,'ESQUELBECQ US 12','ROSENDAEL FC 11','STADE DES MARAÎCHERS 5',NULL),(142,24426200,'2022-02-26 14:00:00',1,'Libre / Football d\'animation',NULL,'ESQUELBECQ US 12','ARMBOUTS CAPPEL US 12','STADE ROGER FLENGHI N° 2',NULL),(143,24426212,'2022-03-26 15:00:00',5,'Libre / Football d\'animation',NULL,'ESQUELBECQ US 12','WARHEM US 11','STADE DENIS DEPOORTER 1',NULL),(144,24419690,'2022-03-05 14:00:00',2,'Libre / U13 - U12',NULL,'ESQUELBECQ US 1','WORMHOUT ES 1','COMPLEXE SPORTIF J.M. VAESKEN 2',NULL),(145,24419708,'2022-05-07 14:00:00',8,'Libre / U13 - U12',NULL,'ESQUELBECQ US 1','DUNKERQUE MALO FCD 2','COMPLEXE SPORTIF J.M. VAESKEN 2',NULL),(146,24419702,'2022-04-09 14:00:00',6,'Libre / U13 - U12',NULL,'ESQUELBECQ US 1','COUDEKERQUE USF 1','COMPLEXE SPORTIF J.M. VAESKEN 2',NULL),(147,24419693,'2022-03-12 11:15:00',3,'Libre / U13 - U12',NULL,'ESQUELBECQ US 1','DUNKERQUE MALO FCD 2','COMPLEXE SPORTIF LA LICORNE N° 2',NULL),(148,24419711,'2022-05-14 14:00:00',9,'Libre / U13 - U12',NULL,'ESQUELBECQ US 1','TETEGHEM 1','STADE DANIEL PROVOOST 2',NULL),(149,24419696,'2022-03-19 14:00:00',4,'Libre / U13 - U12',NULL,'ESQUELBECQ US 1','TETEGHEM 1','COMPLEXE SPORTIF J.M. VAESKEN 2',NULL),(150,24419714,'2022-05-21 14:00:00',10,'Libre / U13 - U12',NULL,'ESQUELBECQ US 1','GRANDE SYNTHE OL 2','COMPLEXE SPORTIF J.M. VAESKEN 2',NULL),(151,24419705,'2022-04-23 15:30:00',7,'Libre / U13 - U12',NULL,'ESQUELBECQ US 1','WORMHOUT ES 1','STADE VICTOR DEHONDT 2',NULL),(152,24419687,'2022-02-26 14:00:00',1,'Libre / U13 - U12',NULL,'ESQUELBECQ US 1','COUDEKERQUE USF 1','STADE AUGUSTE DELAUNE 3',NULL),(153,24419699,'2022-03-26 13:45:00',5,'Libre / U13 - U12',NULL,'ESQUELBECQ US 1','GRANDE SYNTHE OL 2','STADE STADIUM DU LITTORAL 2',NULL),(154,24419763,'2022-04-02 14:00:00',6,'Libre / U13 - U12',NULL,'ESQUELBECQ US 2','VIEUX BERQUIN FC 1','STADE GEORGES PETIPREZ 1',NULL),(155,24419752,'2022-03-05 15:00:00',2,'Libre / U13 - U12',NULL,'ESQUELBECQ US 2','CAPPELLE GRANDE 1','STADE LÉO LAGRANGE 2',NULL),(156,24419770,'2022-05-07 14:00:00',8,'Libre / U13 - U12',NULL,'ESQUELBECQ US 2','BAILLEUL SC 1','STADE CHARLES LESAGE 2',NULL),(157,24419755,'2022-03-12 14:00:00',3,'Libre / U13 - U12',NULL,'ESQUELBECQ US 2','BAILLEUL SC 1','COMPLEXE SPORTIF J.M. VAESKEN 2',NULL),(158,24419772,'2022-05-14 14:00:00',9,'Libre / U13 - U12',NULL,'ESQUELBECQ US 2','GHYVELDE JS 1','COMPLEXE SPORTIF J.M. VAESKEN 2',NULL),(159,24419774,'2022-05-21 13:45:00',10,'Libre / U13 - U12',NULL,'ESQUELBECQ US 2','GRANDE SYNTHE OL 3','STADE STADIUM DU LITTORAL 2',NULL),(160,24419767,'2022-04-23 14:00:00',7,'Libre / U13 - U12',NULL,'ESQUELBECQ US 2','CAPPELLE GRANDE 1','COMPLEXE SPORTIF J.M. VAESKEN 2',NULL),(161,24419748,'2022-02-26 14:00:00',1,'Libre / U13 - U12',NULL,'ESQUELBECQ US 2','VIEUX BERQUIN FC 1','COMPLEXE SPORTIF J.M. VAESKEN 2',NULL),(162,24419759,'2022-03-26 14:00:00',5,'Libre / U13 - U12',NULL,'ESQUELBECQ US 2','GRANDE SYNTHE OL 3','COMPLEXE SPORTIF J.M. VAESKEN 2',NULL),(163,24419757,'2022-03-30 16:00:00',4,'Libre / U13 - U12',NULL,'ESQUELBECQ US 2','GHYVELDE JS 1','STADE GÉRARD DEBOES 1',NULL),(164,24420550,'2022-04-02 10:30:00',6,'Libre / U13 - U12',NULL,'ESQUELBECQ US 3','HAZEBROUCK CHTS 2','COMPLEXE SPORTIF DE L\'HOFLANDT 2',NULL),(165,24420557,'2022-05-07 14:00:00',8,'Libre / U13 - U12',NULL,'ESQUELBECQ US 3','BAILLEUL SC 2','STADE CHARLES LESAGE 2',NULL),(166,24420542,'2022-03-12 14:00:00',3,'Libre / U13 - U12',NULL,'ESQUELBECQ US 3','BAILLEUL SC 2','COMPLEXE SPORTIF J.M. VAESKEN 2',NULL),(167,24420559,'2022-05-14 14:00:00',9,'Libre / U13 - U12',NULL,'ESQUELBECQ US 3','CAESTRE AJL 1','COMPLEXE SPORTIF J.M. VAESKEN 2',NULL),(168,24420544,'2022-03-19 14:00:00',4,'Libre / U13 - U12',NULL,'ESQUELBECQ US 3','CAESTRE AJL 1','STADE DONAT GODIN 1',NULL),(169,24420561,'2022-05-21 14:00:00',10,'Libre / U13 - U12',NULL,'ESQUELBECQ US 3','HOYMILLE-BIERNE US 1','STADE JACQUES DEVULDER',NULL),(170,24420539,'2022-03-23 15:00:00',2,'Libre / U13 - U12',NULL,'ESQUELBECQ US 3','TETEGHEM 2','STADE DANIEL PROVOOST 2',NULL),(171,24420554,'2022-04-23 14:00:00',7,'Libre / U13 - U12',NULL,'ESQUELBECQ US 3','TETEGHEM 2','COMPLEXE SPORTIF J.M. VAESKEN 2',NULL),(172,24420535,'2022-02-26 14:00:00',1,'Libre / U13 - U12',NULL,'ESQUELBECQ US 3','HAZEBROUCK CHTS 2','COMPLEXE SPORTIF J.M. VAESKEN 2',NULL),(173,24420546,'2022-03-26 14:00:00',5,'Libre / U13 - U12',NULL,'ESQUELBECQ US 3','HOYMILLE-BIERNE US 1','COMPLEXE SPORTIF J.M. VAESKEN 2',NULL),(174,24416939,'2022-03-05 15:00:00',2,'Libre / U15 - U14',NULL,'BERGUES/ESQUELBECQ 14','HAZEBROUCK AS CHTS 14','COMPLEXE SPORTIF DE L\'HOFLANDT 1',NULL),(175,24422375,'2022-05-07 17:00:00',8,'Libre / U15 - U14',NULL,'BERGUES/ESQUELBECQ 14','ROUBAIX SCO 59 14','STADE MAERTENS',NULL),(176,24417010,'2022-03-12 16:30:00',3,'Libre / U15 - U14',NULL,'BERGUES/ESQUELBECQ 14','EXEMPT 1','STADE JACQUES ANDRIÈS 1',NULL),(177,24422430,'2022-05-14 15:30:00',9,'Libre / U15 - U14',NULL,'BERGUES/ESQUELBECQ 14','LE DOULIEU FC 14','STADE MAURICE SALOMEZ 1',NULL),(178,24417074,'2022-03-19 16:30:00',4,'Libre / U15 - U14',NULL,'BERGUES/ESQUELBECQ 14','LE DOULIEU FC 14','STADE JACQUES ANDRIÈS 1',NULL),(179,24422473,'2022-05-21 16:30:00',10,'Libre / U15 - U14',NULL,'BERGUES/ESQUELBECQ 14','ERQUINGHEM CS 14','STADE JACQUES ANDRIÈS 1',NULL),(180,24422293,'2022-04-23 16:30:00',7,'Libre / U15 - U14',NULL,'BERGUES/ESQUELBECQ 14','HAZEBROUCK AS CHTS 14','STADE JACQUES ANDRIÈS 1',NULL),(181,24416897,'2022-02-26 16:30:00',1,'Libre / U15 - U14',NULL,'BERGUES/ESQUELBECQ 14','BOIS GREN/FLEURBAIX 14','STADE JACQUES ANDRIÈS 1',NULL),(182,24417123,'2022-03-26 13:45:00',5,'Libre / U15 - U14',NULL,'BERGUES/ESQUELBECQ 14','ERQUINGHEM CS 14','PLAINE DE JEUX N°1',NULL),(183,24421765,'2022-04-27 18:00:00',6,'Libre / U15 - U14',NULL,'BERGUES/ESQUELBECQ 14','BOIS GREN/FLEURBAIX 14','COMPLEXE SPORTIF CHARLET 1',NULL),(184,24429822,'2022-03-05 15:00:00',2,'Libre / U15 - U14',NULL,'ESQUELBECQ US 15','SECLIN FC 15','COMPLEXE SPORTIF J.M. VAESKEN 1',NULL),(185,24429839,'2022-05-07 15:00:00',8,'Libre / U15 - U14',NULL,'ESQUELBECQ US 15','LEERS OS 15','COMPLEXE SPORTIF J.M. VAESKEN 1',NULL),(186,24429824,'2022-03-12 15:00:00',3,'Libre / U15 - U14',NULL,'ESQUELBECQ US 15','LEERS OS 15','STADE LÉO LAGRANGE 3',NULL),(187,24429841,'2022-05-14 15:00:00',9,'Libre / U15 - U14',NULL,'ESQUELBECQ US 15','WATTRELOS FC 15','COMPLEXE SPORTIF J.M. VAESKEN 1',NULL),(188,24429826,'2022-03-19 17:00:00',4,'Libre / U15 - U14',NULL,'ESQUELBECQ US 15','WATTRELOS FC 15','STADE DU CRÉTINIER 1',NULL),(189,24429845,'2022-05-21 14:30:00',10,'Libre / U15 - U14',NULL,'ESQUELBECQ US 15','CAMPHIN PEVELE EC 15','STADE MUNICIPAL',NULL),(190,24429837,'2022-04-23 15:30:00',7,'Libre / U15 - U14',NULL,'ESQUELBECQ US 15','SECLIN FC 15','STADE ROGER SURY',NULL),(191,24429819,'2022-02-26 15:00:00',1,'Libre / U15 - U14',NULL,'ESQUELBECQ US 15','QUESNOY FSM 15','COMPLEXE SPORTIF N°1',NULL),(192,24429830,'2022-03-26 15:00:00',5,'Libre / U15 - U14',NULL,'ESQUELBECQ US 15','CAMPHIN PEVELE EC 15','COMPLEXE SPORTIF J.M. VAESKEN 1',NULL),(193,24429834,'2022-04-30 15:00:00',6,'Libre / U15 - U14',NULL,'ESQUELBECQ US 15','QUESNOY FSM 15','COMPLEXE SPORTIF J.M. VAESKEN 1',NULL),(194,24423552,'2022-04-02 16:00:00',6,'Libre / U17 - U16',NULL,'ESQUELBECQ US 16','HELLEMMES AS 16','COMPLEXE SPORTIF A. CORNETTE 2',NULL),(195,24418191,'2022-03-05 17:00:00',2,'Libre / U17 - U16',NULL,'ESQUELBECQ US 16','BERGUES RC 16','COMPLEXE SPORTIF J.M. VAESKEN 2',NULL),(196,24423644,'2022-05-07 17:00:00',8,'Libre / U17 - U16',NULL,'ESQUELBECQ US 16','GRANDE SYNTHE ASA 16','COMPLEXE SPORTIF J.M. VAESKEN 2',NULL),(197,24418325,'2022-03-12 16:30:00',3,'Libre / U17 - U16',NULL,'ESQUELBECQ US 16','GRANDE SYNTHE ASA 16','STADE ANDRÉ CALCOEN 2',NULL),(198,24423741,'2022-05-15 10:30:00',9,'Libre / U17 - U16',NULL,'ESQUELBECQ US 16','COUDEKERQUE ASF 16','STADE DANIEL PROVOOST 2',NULL),(199,24423768,'2022-05-21 17:00:00',10,'Libre / U17 - U16',NULL,'ESQUELBECQ US 16','DUNKERQUE MALO FC 16','COMPLEXE SPORTIF J.M. VAESKEN 2',NULL),(200,24423582,'2022-04-23 16:30:00',7,'Libre / U17 - U16',NULL,'ESQUELBECQ US 16','BERGUES RC 16','STADE JACQUES ANDRIÈS 2',NULL),(201,24418145,'2022-02-26 17:00:00',1,'Libre / U17 - U16',NULL,'ESQUELBECQ US 16','HELLEMMES AS 16','COMPLEXE SPORTIF J.M. VAESKEN 2',NULL),(202,24418603,'2022-03-26 14:30:00',5,'Libre / U17 - U16',NULL,'ESQUELBECQ US 16','DUNKERQUE MALO FC 16','COMPLEXE SPORTIF LA LICORNE N° 2',NULL),(203,24418374,'2022-04-27 18:30:00',4,'Libre / U17 - U16',NULL,'ESQUELBECQ US 16','COUDEKERQUE ASF 16','COMPLEXE SPORTIF J.M. VAESKEN 2',NULL),(204,24419112,'2022-03-05 18:00:00',2,'Libre / U19 - U18',NULL,'ESQUELBECQ US 1','DUNKERQUE SUD AS 1','STADE DU FORT LOUIS',NULL),(205,24424366,'2022-05-07 15:30:00',8,'Libre / U19 - U18',NULL,'ESQUELBECQ US 1','COUDEKERQUE USF 1','STADE AUGUSTE DELAUNE 1',NULL),(206,24419190,'2022-03-12 15:00:00',3,'Libre / U19 - U18',NULL,'ESQUELBECQ US 1','COUDEKERQUE USF 1','COMPLEXE SPORTIF J.M. VAESKEN 1',NULL),(207,24424460,'2022-05-14 15:00:00',9,'Libre / U19 - U18',NULL,'ESQUELBECQ US 1','LEFFRINCKOUCKE US 1','STADE GEORGES DACOSSE 2',NULL),(208,24419254,'2022-03-19 15:00:00',4,'Libre / U19 - U18',NULL,'ESQUELBECQ US 1','LEFFRINCKOUCKE US 1','COMPLEXE SPORTIF J.M. VAESKEN 1',NULL),(209,24424937,'2022-05-21 15:00:00',10,'Libre / U19 - U18',NULL,'ESQUELBECQ US 1','BRAY DUNES US 1','COMPLEXE SPORTIF J.M. VAESKEN 1',NULL),(210,24418880,'2022-02-26 15:00:00',1,'Libre / U19 - U18',NULL,'ESQUELBECQ US 1','TETEGHEM US 1','COMPLEXE SPORTIF J.M. VAESKEN 1',NULL),(211,24419286,'2022-03-27 10:00:00',5,'Libre / U19 - U18',NULL,'ESQUELBECQ US 1','BRAY DUNES US 1','STADE PIERRE LAMSTAES 1',NULL),(212,24424155,'2022-04-27 19:00:00',6,'Libre / U19 - U18',NULL,'ESQUELBECQ US 1','TETEGHEM US 1','STADE DANIEL PROVOOST 2',NULL),(213,24424334,'2022-05-28 15:00:00',7,'Libre / U19 - U18',NULL,'ESQUELBECQ US 1','DUNKERQUE SUD AS 1','COMPLEXE SPORTIF J.M. VAESKEN 1',NULL);
/*!40000 ALTER TABLE `ecoach_matchs` ENABLE KEYS */;
UNLOCK TABLES;

--
-- Table structure for table `ecoach_saisons`
--

DROP TABLE IF EXISTS `ecoach_saisons`;
/*!40101 SET @saved_cs_client     = @@character_set_client */;
/*!40101 SET character_set_client = utf8 */;
CREATE TABLE `ecoach_saisons` (
  `id` int(11) NOT NULL AUTO_INCREMENT,
  `date_saison` varchar(4) COLLATE utf8mb4_unicode_ci NOT NULL,
  PRIMARY KEY (`id`)
) ENGINE=InnoDB AUTO_INCREMENT=3 DEFAULT CHARSET=utf8mb4 COLLATE=utf8mb4_unicode_ci;
/*!40101 SET character_set_client = @saved_cs_client */;

--
-- Dumping data for table `ecoach_saisons`
--

LOCK TABLES `ecoach_saisons` WRITE;
/*!40000 ALTER TABLE `ecoach_saisons` DISABLE KEYS */;
INSERT INTO `ecoach_saisons` VALUES (1,'2022'),(2,'2021');
/*!40000 ALTER TABLE `ecoach_saisons` ENABLE KEYS */;
UNLOCK TABLES;

--
-- Table structure for table `ecoach_suspensions`
--

DROP TABLE IF EXISTS `ecoach_suspensions`;
/*!40101 SET @saved_cs_client     = @@character_set_client */;
/*!40101 SET character_set_client = utf8 */;
CREATE TABLE `ecoach_suspensions` (
  `id` int(11) NOT NULL AUTO_INCREMENT,
  `joueur_id` int(11) DEFAULT NULL,
  `date_debut_suspension` date NOT NULL,
  `nb_matchs_suspension` int(11) NOT NULL,
  `raison_suspension` varchar(255) COLLATE utf8mb4_unicode_ci NOT NULL,
  PRIMARY KEY (`id`),
  KEY `IDX_9293A998A9E2D76C` (`joueur_id`),
  CONSTRAINT `FK_9293A998A9E2D76C` FOREIGN KEY (`joueur_id`) REFERENCES `ecoach_joueurs` (`id`)
) ENGINE=InnoDB AUTO_INCREMENT=3 DEFAULT CHARSET=utf8mb4 COLLATE=utf8mb4_unicode_ci;
/*!40101 SET character_set_client = @saved_cs_client */;

--
-- Dumping data for table `ecoach_suspensions`
--

LOCK TABLES `ecoach_suspensions` WRITE;
/*!40000 ALTER TABLE `ecoach_suspensions` DISABLE KEYS */;
INSERT INTO `ecoach_suspensions` VALUES (1,1,'2022-05-17',1,'Carton'),(2,108,'2022-05-13',123,'Rendez vous vous coiffeur');
/*!40000 ALTER TABLE `ecoach_suspensions` ENABLE KEYS */;
UNLOCK TABLES;

--
-- Table structure for table `ecoach_utilisateurs`
--

DROP TABLE IF EXISTS `ecoach_utilisateurs`;
/*!40101 SET @saved_cs_client     = @@character_set_client */;
/*!40101 SET character_set_client = utf8 */;
CREATE TABLE `ecoach_utilisateurs` (
  `id` int(11) NOT NULL AUTO_INCREMENT,
  `joueur_id` int(11) DEFAULT NULL,
  `num_licence_utilisateur` varchar(180) COLLATE utf8mb4_unicode_ci NOT NULL,
  `roles` json NOT NULL,
  `password` varchar(255) COLLATE utf8mb4_unicode_ci NOT NULL,
  `nom_utilisateur` varchar(255) COLLATE utf8mb4_unicode_ci NOT NULL,
  `prenom_utilisateur` varchar(255) COLLATE utf8mb4_unicode_ci NOT NULL,
  `email_utilisateur` varchar(255) COLLATE utf8mb4_unicode_ci NOT NULL,
  `tel_utilisateur` varchar(10) COLLATE utf8mb4_unicode_ci NOT NULL,
  PRIMARY KEY (`id`),
  UNIQUE KEY `UNIQ_509E18E6D9B91EAB` (`num_licence_utilisateur`),
  UNIQUE KEY `UNIQ_509E18E6A9E2D76C` (`joueur_id`),
  CONSTRAINT `FK_509E18E6A9E2D76C` FOREIGN KEY (`joueur_id`) REFERENCES `ecoach_joueurs` (`id`)
) ENGINE=InnoDB AUTO_INCREMENT=112 DEFAULT CHARSET=utf8mb4 COLLATE=utf8mb4_unicode_ci;
/*!40101 SET character_set_client = @saved_cs_client */;

--
-- Dumping data for table `ecoach_utilisateurs`
--

LOCK TABLES `ecoach_utilisateurs` WRITE;
/*!40000 ALTER TABLE `ecoach_utilisateurs` DISABLE KEYS */;
INSERT INTO `ecoach_utilisateurs` VALUES (1,NULL,'1111111111','[\"ROLE_SECRETAIRE\"]','$2y$13$TWhfV3T2n8U7oDU808U2o.mJ9vOa9DHAVE7JDjvxCulByU.wmJhxi','Admin','Admin','admin@gmail§.com','1234567890'),(2,1,'9602224352','[\"ROLE_JOUEUR\"]','$2y$13$1q6m3Z87ZDMWeBzssAoa2.dBXcXS8wTyJmiouVP9mI6u1nNIhSofq','ABID','Nael','elodieverdonck@hotmail.com','0672454207'),(3,2,'1931240662','[\"ROLE_JOUEUR\"]','$2y$13$pd4MhNZeYyX8798loEM6gumb.HKLPx7YW9FWfhMkzXbgxwd7lvY7G','AKSIL','Steve','steve59470@gmail.com','0645493057'),(4,3,'1916831299','[\"ROLE_JOUEUR\"]','$2y$13$xOHaQ.omIJOei6HMWhsV.OOHmA3PUbGEkleEppNGwl6RT0i6XDeu2','AZENKED','Hamzaeee','h.azenked@laposte.net','0658163908'),(5,4,'1931236569','[\"ROLE_JOUEUR\"]','$2y$13$WV.npmrH1Y.mfgxuQp6kROYUUXNqL34L1cA4uQqvYffTIRyl2wpC6','BAES','Steven','baes.steven59@gmail.com','0608133256'),(6,5,'2546776187','[\"ROLE_JOUEUR\"]','$2y$13$MiROFfZ0bpU0ZQvYaaQq9ezRjbUgsw7Y8UiGUdlzOyDhYUh5rus6C','BEAUCAMP','Leo','arnaudetmarion@orange.fr','0622428268'),(7,6,'9602271512','[\"ROLE_JOUEUR\"]','$2y$13$r5sbEhcKw8Liqy4ueaT9N.OUR4zauNMLtJ3jIOv/se2fLQBn5BMZu','BEL','Noellin','sylvain.bel0948@orange.fr','0622061398'),(8,7,'1920854821','[\"ROLE_RIEN\"]','$2y$13$xWBMrlGkIYdp7k.XclTuPucMfjdODgA1Xijea0joX9dNGQREyVu1y','BOCQUET','Michel','bilette77@hotmail.fr','0612313856'),(9,8,'2543318466','[\"ROLE_JOUEUR\"]','$2y$13$70P3xIX1Wh69VKxHSnUSOuNH..Bk5yMuwrcMlrA8u0I/asJyBZkWK','BOCQUET','Pierre','bocquetpierre@free.fr','0781253079'),(10,9,'1906859549','[\"ROLE_JOUEUR\"]','$2y$13$tscd5HxHS/.mD1Z0X/9KBePFg68fkIFyEead4OnrsPkK20DfLoSHK','BOUCHER','Nathan','natthan180991@hotmail.com','0766870068'),(11,10,'2547519036','[\"ROLE_JOUEUR\"]','$2y$13$SVEQmyy8P0MVlXEVKo.UTu/JVax4csOOqnwnY2xfmjARoZP5KznAG','BOUSSEMAERE','Ethan','karousseau@wanadoo.fr','0672818002'),(12,11,'2547991161','[\"ROLE_JOUEUR\"]','$2y$13$yQ8BAKiEgmngEji9FW7DVenMKG3EfIl.Cdif4vrWmRuv48E08t/rq','BOUSSEMAERE','Timeo','karousseau@wanadoo.fr','0672818002'),(13,12,'2544046468','[\"ROLE_JOUEUR\"]','$2y$13$.RNUdZDdPJbz6v4wZxYmm.WsUmCLKuo4Unjlf6ak/AH6KMB.SP3Su','BOVEIRE','Nicolas','arnaud.boveire@numericable.fr','0781152206'),(14,13,'2544075392','[\"ROLE_JOUEUR\"]','$2y$13$iRICH.sRfI1KzMduknsEIup6/.8KUmS8/lVJRw50uUxvJ8K8DtU9a','BOVEIRE','Raphael','raphi.boveire@gmail.com','0652462056'),(15,14,'2547863180','[\"ROLE_JOUEUR\"]','$2y$13$lzCufULzVNMzwxkfZjhM4.LDPKuU0E1fXFlSy3k4Mk01Jk4RThOQC','BUSZIKOWSKI','Leo','caroemma.tatin@outlook.com','0661532764'),(16,15,'1926841002','[\"ROLE_JOUEUR\"]','$2y$13$P4JVJJMgR3oIgneY28UWBuReTiHBgBiZ3U/QJ8nKWWgN1OyQd7Wb2','CARTON','Alexandre','cartona075@gmail.com','0629049531'),(17,16,'2546563229','[\"ROLE_JOUEUR\"]','$2y$13$.FOapIleebkmTuzbRFDoF.ODchK8XywHPPaxiSs4LSirvF1/jqmkO','CARTON','Julien','carton.manu@gmail.com','0614220174'),(18,17,'1926841003','[\"ROLE_JOUEUR\"]','$2y$13$BNb6rPdVERnZC7.mryub7e8StNo16iDyOGau72dAcC20F2mEEs8LO','CARTON','Thomas','thomcarton17@gmail.com','0605188940'),(19,18,'1920330251','[\"ROLE_RIEN\"]','$2y$13$Sqx1lHjz/j4GQlquHU8jaO83HlVER/cyrYwp3sABlaXhPtHNBnb9.','CLIPET','Michael','0687840920@orange.fr','0687840920'),(20,19,'2543379499','[\"ROLE_JOUEUR\"]','$2y$13$j950Ifl36jbyDc4w1Mv4lurNf7f5XI2xt4qpjbBU15/h49rwSO4sa','COLJE','Benjamin','benjamin.colje@gmail.com','0750237554'),(21,20,'1920187148','[\"ROLE_JOUEUR\"]','$2y$13$gn8FN9lXArSexrmZ29ceBu.vnsxcl3tWob2QxWMYwOm057sj82of.','CORNETTE','Prudent','prudent.cornette@ch-dunkerque.fr','0689307005'),(22,21,'2545749066','[\"ROLE_JOUEUR\"]','$2y$13$2GHyPat7l.YIx7.OOhdZHePisPoAnvZjU/OU4Zh0k3Z4MKVrDqnWO','COUBRONNE','Mathys','deon.sylvie@neuf.fr','0622526796'),(23,22,'9602750882','[\"ROLE_JOUEUR\"]','$2y$13$7msVNgDipWlGds9atxcS2u3Vlcsz4nIYw5B8RJKTxPUrGH7UdQLi6','COUSIN','Theo','lulu.deraeve@gmail.com','0686893778'),(24,23,'2547431130','[\"ROLE_JOUEUR\"]','$2y$13$I4oZKqR7LbocjQIYeMlOtucdl7V01wBXPfvJYOgsLB3BquR5o97TK','DECLERCK','Lorenzo','aline.declerck2@orange.fr','0644925263'),(25,24,'2548319664','[\"ROLE_JOUEUR\"]','$2y$13$9gwkxxUrZ3d/Vo9BI6qdxeS1pRPjh5oSJTKl07CQAqQiAFWTYEHwW','DELBART','Mao','simondelbart@gmail.com','0621907487'),(26,25,'2547376374','[\"ROLE_JOUEUR\"]','$2y$13$CTVGwPUiAyVzxE6nIkr2mOEqsLFHST7qPvjDm.Hk2PnYKQUd2J9r.','DELBART','Noa','simondelbart@gmail.com','0621907487'),(27,26,'2545131354','[\"ROLE_JOUEUR\"]','$2y$13$cfseiqBKtyHj84Wulq2KYOocZWIN6AX/zkY9pCejnNO.SiFe2qNqW','DELMAR','Baptiste','ab.delmar@laposte.net','0628917427'),(28,27,'9602890700','[\"ROLE_JOUEUR\"]','$2y$13$TKZY05wLefkEmNPJzk60A.HDZ.AmwPrDU3lsBgAk4IfiyX2B5Obk.','DELVART','Antoine','christelle.delvart@gmail.com','0615317881'),(29,28,'1931197644','[\"ROLE_JOUEUR\"]','$2y$13$CbFgPn3SzEHbmJ2F9x4DyOMauv4H/vp9FI7mViTYNCDr0Z3QkfRzC','DEMOL','Jerome','jerome.demol@gmail.com','0660169911'),(30,29,'2544595725','[\"ROLE_JOUEUR\"]','$2y$13$36P0ESeXGq1IwPRCPq9MUOJA9F/vxLMIdEIDwUjm99tGbN.Nh7aHm','DERAM','Jean','deramjean@icloud.com','0671652689'),(31,30,'2547516110','[\"ROLE_JOUEUR\"]','$2y$13$g6e0QLurRFhxgWhk9M0/ge.0uxCrzKXlG7Q5rKUS6tzfRaBAgt4r6','DERVILLERS','Leo','eurl.dervillers@orange.fr','0624032411'),(32,31,'1956833436','[\"ROLE_RIEN\"]','$2y$13$oP1to9//cBtgzN2Tek7Dzez8YQ7sPDzYEDY/mTqvDTgn23IgZMn1y','DESITTER','Stephane','steph_pascale@hotmail.fr','0630972325'),(33,32,'2547934359','[\"ROLE_JOUEUR\"]','$2y$13$3YQji7OKY2YAS0xniu2goO.u9VkP6Hu.ICvMSwnp.AhY9dZO78lmS','DESOUTTER','Mathias','thierry.desoutter@orange.fr','0650111636'),(34,33,'1920030211','[\"ROLE_RIEN\"]','$2y$13$UHCTg7J9ziDA58GoNi/i8O/Ejrb03SJEADdenpoNNIcO0p4c.nt0.','DEVIENNE','Gerard','gdeviennewail62@gmail.com','0666202107'),(35,34,'2547795201','[\"ROLE_JOUEUR\"]','$2y$13$S0plcdU5O1Lib22P9S3V5.aLSvjmPukuNO09eoF9aQjUan/uC582y','DEVOS','Estelle','estelledevos@yahoo.fr','0608124470'),(36,35,'2548458234','[\"ROLE_JOUEUR\"]','$2y$13$yi4C0qNy4g7pPgHDFYMA0.lBUQm8vf80BqHt/JJcssMbbZOVxgRHy','DOMZALSKI','Sacha','yanndmz@gmail.com','0648354764'),(37,36,'2544466941','[\"ROLE_JOUEUR\"]','$2y$13$cjHbGYoEFF1TphThLZjsB.jYVA1l/oIaqrQ5jTDG3KEvjyGErboN.','DUCAMP','David','','0'),(38,37,'2547349748','[\"ROLE_JOUEUR\"]','$2y$13$XuCBX5avKIYXL4nVnAKJY.JO4Jvt8BLHEEscARg/KISgGkzgkoeOi','DUHIN','Melvin','emilie.courbot@orange.fr','0678144484'),(39,38,'2546403471','[\"ROLE_RIEN\"]','$2y$13$guej/RUZ9/YtWgVP/6EwhejpW2pSVMbiJwi1R0nXqdv7rBwL/KiFS','FAUCHOIT','Elodie','elodie.fauchoit@hotmail.fr','0624080653'),(40,39,'9603081215','[\"ROLE_JOUEUR\"]','$2y$13$D0RkRuUdYArY.9VD1kzla.kJahib8G7Cddy9Wn4CrLtvL4vxcXf.G','FAYOLLE','Lucien','cyrfay51@yahoo.fr','0609037828'),(41,40,'2543542057','[\"ROLE_JOUEUR\"]','$2y$13$VVGfVfB1oNacsn0t5bC5bOjcglX8yYqTc85ESDPkPjaZ0/bFyOHTe','GHESQUIERE','Remy','remygozil@icloud.com','0603759027'),(42,41,'2544521567','[\"ROLE_JOUEUR\"]','$2y$13$eX0u32UGPAiTdSH5VgdlweR1/bgc7kHdSPoZ7jhIg11EEGWWyxUmi','GOETGHELUCK','Julien','usesquelbecq@gmail.com','0660580262'),(43,42,'1999682934','[\"ROLE_RIEN\"]','$2y$13$LD7q7.w2K3/xVbn14XB8ZeUvbvrARLspvmTO0LvcnM1V72Hr0Xxnu','GOSSEY','Marc','mgbg@orange.fr','0632521181'),(44,43,'1926853096','[\"ROLE_RIEN\"]','$2y$13$vECgqv7DQwMj2gl4GzxQCeRa6wygIdCqVWFjUxpaCyet71SoroZZ.','GRYMYSLAWSKI','Nicolas','grymyslawski@gmail.com','0652604929'),(45,44,'1920854814','[\"ROLE_RIEN\"]','$2y$13$3vLuvA5a0kt0C9OCRYSqV.rp1T.goE8042dTWrWehL3GKVlO4tpgG','GRYSON','Dominique','gryson.domi@gmail.com','0618708305'),(46,45,'9602556015','[\"ROLE_JOUEUR\"]','$2y$13$zDRxg3y294HtnzKaYuVQg.EguAzCIhVcUKQHXWk9bTG0kFd14lTPi','HALLET','Emma','caroemma.tatin@outlook.com','0661532764'),(47,46,'1996824881','[\"ROLE_JOUEUR\"]','$2y$13$Y2dhUCRRDYtLS3s9aCSTQeq3VBW5jYGZrlJlibyaWstJPB4w7GoZO','HECQUET','Jordan','jordan.hecquet@hotmail.fr','0635287890'),(48,47,'2548375399','[\"ROLE_JOUEUR\"]','$2y$13$AvZ..GT5fbPZPuppMGRyjuxI49mH8AEg..yqH8UIdSelB9AYCMrnC','HENNION','Timeo','serge.hennion@bbox.fr','0662235444'),(49,48,'2546366343','[\"ROLE_JOUEUR\"]','$2y$13$pvM8zu856IVEZPzWy/i3D.xIeGYXnNjC5R156LWiyot23Qlp.VLOC','HENRIET','Ronan','mar.henriet@laposte.net','0682391640'),(50,49,'2545477199','[\"ROLE_JOUEUR\"]','$2y$13$r8c4orsc.QeYvFol8isUw.GhISGrwdLQX7K8fh5ztdl7awAUCJEhK','HOOFD','Lucas','laurence59470@live.fr','0628530679'),(51,50,'2544725159','[\"ROLE_RIEN\"]','$2y$13$N2wCbwAa5JDO9GqMpgDsVeZas5LS8dcx3UiMOSoROrhbKaW7UxfDK','JORAND','Ethan','ethan.jorand24@gmail.com','0659558885'),(52,51,'2543062190','[\"ROLE_JOUEUR\"]','$2y$13$.CBc2xOCAYRgdn/pK5vDEufG//nqKYqh0aS0LOlBa15ew9sodxJE.','KELLER','Alexis','lyndakeller@hotmail.fr','0778395247'),(53,52,'2546861682','[\"ROLE_RIEN\"]','$2y$13$8ry7pVwJHqSXOxS./XJbYeGflS5KyHZbmQmS9XBSa9hSf8B5D6m9W','KELLER','Linda','lyndakeller@hotmail.fr','0670081208'),(54,53,'2543949625','[\"ROLE_JOUEUR\"]','$2y$13$rf1h2hCJX/KnstXSvy.zy.X7AiRmyeCrwdI5AWFMxBGC8AHOwHlZG','KELLER','Ryan','lyndakeller@hotmail.fr','0670081208'),(55,54,'2544887425','[\"ROLE_JOUEUR\"]','$2y$13$oo2Q7eGmGSiewSNfLp122ednxKdJJQQ5PLmsYswV74HK5Wj.abV9q','KELLER','Tom','linda.keller@sfr.fr','0670081208'),(56,55,'1910423580','[\"ROLE_JOUEUR\"]','$2y$13$WWTTi0qj.cZbfdWd7B5.mOt6DuTjNYf4Nk91krcd5CeHfEwxWA8Rq','KELLER','Wilfried','lyndakeller@hotmail.fr','0670081208'),(57,56,'9602702240','[\"ROLE_JOUEUR\"]','$2y$13$mFYG7uRf/qeUHkSwxS0VD.qoTrO7e/SnTe4UeuZ9gDtVfJjrKGdra','LABALETTE','Gabriel','sandrinerontani@hotmail.com','0611877801'),(58,57,'2545924908','[\"ROLE_RIEN\"]','$2y$13$oNUGeajTQJco6vmCoZ2DhebVmIwzcj20dYbq5svHuGAqKO27CrvLa','LAGATIE','Mathieu','','0621277904'),(59,58,'1906854670','[\"ROLE_JOUEUR\"]','$2y$13$wkYhIwIfjO31dncbYJL/UunNGd6oQEYOZb.zBdukAt7/Zv.uC3U6q','LAHAYE','Geoffrey','lahaye.geof@hotmail.fr','0617364213'),(60,59,'2548066485','[\"ROLE_JOUEUR\"]','$2y$13$/ydnNLBIhVSFrOgnqGQQ0O7sy41KHtMx/vCgyq3p6XjdyGeEiw.xm','LALEEUW','Louka','smagghe.caroline@free.fr','0783850421'),(61,60,'2546885230','[\"ROLE_COACH\"]','$2y$13$TWhfV3T2n8U7oDU808U2o.mJ9vOa9DHAVE7JDjvxCulByU.wmJhxi','LAMS','Anne Charlotte','anne-charlotte.bulteel@orange.fr','0664138369'),(62,61,'1931093002','[\"ROLE_COACH\"]','$2y$13$EC4kSvI7NEhWSGT7ymkuaetIn7/sm8j/GFwHEb.tSANsAJZYxzXHW','LAMS','Julien','anne-charlotte.bulteel@orange.fr','0663829045'),(63,62,'1996824024','[\"ROLE_JOUEUR\"]','$2y$13$tq1I7btJMUKgFdz/.ruzOeHEdDqjZhN8rSfcOvDcTr3rVv.3jbEm6','LAUWERIE','Fabien','fabien.la@hotmail.fr','0635398543'),(64,63,'2548141363','[\"ROLE_JOUEUR\"]','$2y$13$HCYgZYu/QMUCykpGCXiahOFxMaL6Gbd2ZZMz0jUhCrAzVBiCY/bou','LEFEBVRE','Mathys','lefebvrebenjamin815@neuf.fr','0783841255'),(65,64,'1920193250','[\"ROLE_RIEN\"]','$2y$13$gtyiOe1bV72vRfMM2QQf0u2awHQc4Ggcb/6hadf5rJSnUqWFF7GOq','LEMAIRE','Sebastien','seb7.lem@gmail.com','0680545447'),(66,65,'2545159276','[\"ROLE_JOUEUR\"]','$2y$13$RMAkiILgwdaMGL4MUMLdYeWVgyLsh18xm0/wOn5ULEZTteYTAGawy','LENGLET','Emeric','emeric59279@icloud.com','0789614219'),(67,66,'2547349652','[\"ROLE_JOUEUR\"]','$2y$13$4BvtAbnWHyxU6aD2T8tYFO/WPnOvgBy.fTe6kXszP8gwH5mt2FEoC','LESCIEUX','Nolan','nicolas.lescieux@gmail.com','0675636617'),(68,67,'2543589301','[\"ROLE_JOUEUR\"]','$2y$13$0sxgkcHp5LwNuwI8smJj3e3F1VjnP2I2gpMpapKjXPnVtMTFeeNda','LEVECQUE','Sarah','levecque-sarah62@laposte.net','0677215028'),(69,68,'9602224327','[\"ROLE_JOUEUR\"]','$2y$13$/AbeLRAYjpnC6vAo48JWqOAJoz1dLMUd8eZlGhd1yXzuvqXMduGGS','MARTEL','Nathan','martel-stephanie@bbox.fr','0608286736'),(70,69,'2547646628','[\"ROLE_JOUEUR\"]','$2y$13$ckwgxOx0s9Yfek0O.pk3f.zIkod7cib0D8R.vZT5t2HbO/POCnWsO','MASSA','Raphael','v.massa@exim.fr','0616263790'),(71,70,'1931146845','[\"ROLE_RIEN\"]','$2y$13$YH2friO2AU/nEWgXVGz/g.nMWJpHT3oxVOt06w0UvBToYcoerqswS','MASSA','Vincent','v.massa@exim.fr','0616263790'),(72,71,'2546881887','[\"ROLE_JOUEUR\"]','$2y$13$QxqZrTWwJtR3X3y5BslMh.qVrRcAU0unSHFvAQVKQ1wxGmYfJcqQa','MASSA','Yanis','v.massa@exim.fr','0616263790'),(73,72,'2546948111','[\"ROLE_JOUEUR\"]','$2y$13$DXFQZuwiSceEmo10OvJH2eKvcmZ0ErAttbPxESIZmHSg3ZNvmMQf6','MEDDAH','Victor','gilles.meddah@orange.fr','0699312139'),(74,73,'9603080736','[\"ROLE_JOUEUR\"]','$2y$13$rfASPN34wyxPD58rUn8yYOxuMvnDS.YTrB9r/gFxiB.CCjKGaQKmS','MESSIAEN','Theo','megane_coupe@hotmail.fr','0'),(75,74,'1916835958','[\"ROLE_JOUEUR\"]','$2y$13$gIsMs4YAjpCTHcDZMS5bF.p0iQSYQNlpkOKxh6m0UlMrkxeSH3uCu','MOUCHEL','Chris','chrismouchel59180@hotmail.fr','0632808249'),(76,75,'2543515813','[[\"ROLE_RIEN\", \"ROLE_USER\"], \"ROLE_JOUEUR\"]','$2y$13$beIjl.8KtPK8aH90rfYvI.Fap6o74KLwSeJhhqRz83E8ZHl2YITuq','MOUCHEL','Kevin','kmouchel@yahoo.fr','0608922488'),(77,76,'2547238398','[\"ROLE_JOUEUR\"]','$2y$13$JW5oYx4znirORazuHaoq9.gIp9RR8Ty/GO6OxmbdAx.r9dmHP.C52','NOVELLE','Nicolas','sebastien.novelle@sfr.fr','0610757128'),(78,77,'1910675174','[\"ROLE_RIEN\"]','$2y$13$AxiOZgHD2qU2wtFX.AvBnuDZlp8v5mTPSsgyQMGGzRu.Tku.XD.N.','PEENAERT','Sebastien','speenaert@yahoo.fr','0782373859'),(79,78,'2543737280','[\"ROLE_JOUEUR\"]','$2y$13$/CTCYmwR7FIGopVmBHYNo.TatpPYT1A.L9F3CSEnV1HwH5oFYaSie','PEERS','Charles','charlespeers30@gmail.com','0760180334'),(80,79,'1906851783','[\"ROLE_COACH\"]','$2y$13$s0fVGa6QVndffApMSvJ15OIjDqwSCcW4vwN4WqP9Lp3RxI89oV1Sa','PICOT','Eric','eric-picot@hotmail.fr','0671796852'),(81,80,'2548380149','[\"ROLE_JOUEUR\"]','$2y$13$H2j6CZ1KNh4YtKal3hACGOiHCdp8wu89AbEJGcQyfKPQd/K/MDLPm','PICOTIN','Thimothey','lureju@hotmail.fr','0651152077'),(82,81,'1920617337','[\"ROLE_RIEN\"]','$2y$13$QP23KfFMkbPNRCpIFbK6juBMCsbqoba/76x97tWm2zfldY40lp0MO','PLAETEVOET','Mathieu','mathieu@plaetevoet.fr','0612203611'),(83,82,'2546878407','[\"ROLE_JOUEUR\"]','$2y$13$kMFhRm3KDKjuo2thyPZuo.bneGGAPM4VzOqUWjTvByb4YPjr0rTyy','PLAETEVOET','Sohan','mathieu@plaetevoet.fr','0612203611'),(84,83,'9602225004','[\"ROLE_JOUEUR\"]','$2y$13$laaYcQYJB6GY6ZiWGbozYuj5Ovqp6//iyFneOaw75HlKUd2Dw.4W.','PLANQUETTE','Chloe','pinkladysonia@hotmail.fr','0767439828'),(85,84,'2544978245','[\"ROLE_JOUEUR\"]','$2y$13$e/D85Kdyu9.ol.YBNOZiLO6UUhvY5C2q8SxRGgeTs6jIWkJJZo.bS','PLANQUETTE','Kevin','pinkladysonia@hotmail.fr','0767439828'),(86,85,'2544028672','[\"ROLE_JOUEUR\"]','$2y$13$Sm91JXi3xGImsx3roTwaz.hH/ty8dRx5FM6nDUfUieR3jxEiVM8H6','POIX','Erick','poix.erick@gmail.com','0761436104'),(87,86,'2544191983','[\"ROLE_RIEN\"]','$2y$13$WawB23CygaOS6lIhMutfnOTfRhA3HGMYFChm0K/toafv1VUYKrm0m','POIX','Yannick','yannick.poix@gmail.com','0781004495'),(88,87,'2546304733','[\"ROLE_JOUEUR\"]','$2y$13$tcir7oYBdMMWIfI.Xlq8AeqjbdVPw7s/dbt56HeOTLdarboizd41G','POTTIER','Sonia','pinkladysonia@hotmail.fr','0767439828'),(89,88,'2544603745','[\"ROLE_JOUEUR\"]','$2y$13$UxE4yje.d2udbeQST0m1AuxQl5XFYPNvGUJR1Zvz4m.Zj947MJXe.','POUCHELE','Quentin','quentinpouch@outlook.fr','0698969740'),(90,89,'2547734202','[\"ROLE_JOUEUR\"]','$2y$13$N8ZEsxmsB4lzFUUru2dzveh0vKNjXYqDZkIaem3kEHIy1JsaRfUk.','PUPPINCK','Jean','puppinckg@gmail.com','0601016801'),(91,90,'9602247716','[\"ROLE_JOUEUR\"]','$2y$13$dO9fsG.jkEx3yhaTJY0rG.OyelniOj1cDEFYClhDwtIymc7QxFx1e','ROSSEEL','Timothee','mrrosseel@orange.fr','0789703928'),(92,91,'1906849907','[\"ROLE_JOUEUR\"]','$2y$13$iMKk0Bsl1/XXx/o8ehc6suBk8E2/My/y0BDZOFeB0TuG29WK4odQ.','SELLAH','Redda','audipassionrs@gmail.com','0619627851'),(93,92,'2546671933','[\"ROLE_JOUEUR\"]','$2y$13$BfeBOWYQxO31fY9sXjxDlOG2vaLv5NP020YDxOwe7dA8Zs/q.Ts2C','SOODTS','Denis','audrey.soodts@laposte.net','0684905797'),(94,93,'2545869626','[\"ROLE_JOUEUR\"]','$2y$13$OY.Nk38nm/c5TN0OLx/n5Ol1eelV.NLFt/gY9LJsHovAHdr5bsAJG','STROSBERG','Adonis','drumunqoi@orange.fr','0688081204'),(95,94,'2543730732','[\"ROLE_JOUEUR\"]','$2y$13$Rn5JlPrhYsKCeLaju3zzjOq6/f5A0iQ9qfn1hyXyyTnK.COnaHsG.','SZYBA','Axel','usesquelbecq@gmail.com','0642010209'),(96,95,'2543324378','[\"ROLE_COACH\"]','$2y$13$RSoVeGsbZLZCKM5c6SPAYOBiGTWOOo.ILZ6dp8UOSSMfCdx./u/J.','TABART','Nicolas','tabart.nicolas@neuf.fr','0684370956'),(97,96,'1996820784','[\"ROLE_JOUEUR\"]','$2y$13$mtI7pkR54USbvmBmheqExux9QdF7YjiGbplI7t1DLNi.BgF/CHAtm','TAINMONT','Cedric','cedric.tainmont@hotmail.fr','0672971065'),(98,97,'2545551879','[\"ROLE_JOUEUR\"]','$2y$13$y9OIX5ZAGLVIJ/Z3UqSh9OwowSpa0xMeiYePIVpMejj7xyGu81zc2','TOURNANT','Enzo','denis.tournant@wanadoo.fr','0625551500'),(99,98,'1920331144','[\"ROLE_RIEN\"]','$2y$13$zPWNkz5hlSFLaPh8rFFTW.BMD9n/vMg/aHTRt.kbvtHEBP/T69AIS','VAESKEN','Frederic','fred.vaesken@gmail.com','0684451034'),(100,99,'1999681673','[\"ROLE_RIEN\"]','$2y$13$C3bmtMCBHwdZ6iwZJ4TMxOyz2.Psck01YaGOZeiBBchQGSNrbD9Ji','VAESKEN','Ludovic','l.vaesken@ams-rpb.fr','0664473688'),(101,100,'1910415013','[\"ROLE_RIEN\"]','$2y$13$0Gs9tqA1erLU1i6w48Zhke/CO5Ryk2lM6JLc0DPRTpa6.tX4WUkk6','VAESKEN','Olivier','fanny.vaesken@wanadoo.fr','0664429901'),(102,101,'1931021051','[\"ROLE_COACH\"]','$2y$13$94z00EMoN9noek3aqqg2c.G0iDg60RZPZu8yhxkygN74M6q.vVdZa','VAHTAR','Michael','micvahtar@orange.fr','0624308776'),(103,102,'2547185951','[\"ROLE_JOUEUR\"]','$2y$13$9deD1ES8Rd903YYD679UwuR8HpBSyx3fPZTS0NoWbACqYiCQLl9Lm','VANDENBERGHE','Thomas','e.vandenberghe596@gmail.com','0633807229'),(104,103,'2546237236','[\"ROLE_JOUEUR\"]','$2y$13$6wz36E2JLnEQI3/eG7oeAeObXUfmCRW82KiJAVV3o5l1FG3M0MIGy','VANDERBEKEN','Emma','patrick.vanderbeken@nordnet.fr','0631337548'),(105,104,'1920414296','[\"ROLE_RIEN\"]','$2y$13$IdaDaQQ5KkYLH.zh8D/OCuG0pJGu9oLszK3nk6joKk8GzlyWXBDtS','VANYPER','Benjamin','benjamin.vanyper@free.fr','0627740325'),(106,105,'2544021262','[\"ROLE_JOUEUR\"]','$2y$13$tJokihdH4XUIRxkcmexb7.iiI8YWfCYLH.yztncOq.oJ.OFkOKwZK','VERPLAETSE','Enzo','enzo59foot@gmail.com','0688861566'),(107,106,'2548141383','[\"ROLE_JOUEUR\"]','$2y$13$kM9Avz5XiYMqOOdGMN31ouAT1KaduW6r7zTyT3z3Fb8AnsrbQ.pY6','VERPLAETSE','Mael','aurelie.caliez@gmail.com','0676934617'),(108,107,'1966833667','[\"ROLE_JOUEUR\"]','$2y$13$OsLVsk2BOQvhjy6RswZOhuoyuQUAnN5LKygp/6SkzkdPkrHf8mg62','VUYLSTEKER','David','dvuylsteker@msn.com','0633476550'),(109,108,'1232123212','[\"ROLE_JOUEUR\"]','$2y$13$26jtPaL4G/OJx8P5Ee8pqeA.md/S2rcQsOex01rRtKG3C/Y8qnRoC','Carlier','Pascal','Pascal.carlier@gmail.com','0612326545'),(110,109,'222222222','[\"ROLE_JOUEUR\"]','$2y$13$.Gs/1qJlL6YE9hXN7U71KOFhQ9Uo/dI4rE3i6gRzw2CjMA2ppbsoO','zz','aa','jjjj@gmail.com','0000000000'),(111,110,'444444','[\"ROLE_JOUEUR\"]','$2y$13$vP5ql1g1uWLYiMcatqLAIOJlEaz2VgAst/3WUChHyr4XQVfwlxrcG','Courquin','Pierre-edouard','courquin.pierre62@gmail.com','0606496902');
/*!40000 ALTER TABLE `ecoach_utilisateurs` ENABLE KEYS */;
UNLOCK TABLES;
/*!40103 SET TIME_ZONE=@OLD_TIME_ZONE */;

/*!40101 SET SQL_MODE=@OLD_SQL_MODE */;
/*!40014 SET FOREIGN_KEY_CHECKS=@OLD_FOREIGN_KEY_CHECKS */;
/*!40014 SET UNIQUE_CHECKS=@OLD_UNIQUE_CHECKS */;
/*!40101 SET CHARACTER_SET_CLIENT=@OLD_CHARACTER_SET_CLIENT */;
/*!40101 SET CHARACTER_SET_RESULTS=@OLD_CHARACTER_SET_RESULTS */;
/*!40101 SET COLLATION_CONNECTION=@OLD_COLLATION_CONNECTION */;
/*!40111 SET SQL_NOTES=@OLD_SQL_NOTES */;

-- Dump completed on 2022-05-31 17:20:36
